Ano,Unidade Geográfica,Localização,Dependência Administrativa,Aprovação Anos Iniciais,Aprovação 5º Ano,Reprovação Anos Iniciais,Reprovação 5º Ano,Abandono Anos Iniciais,Abandono 5º Ano
2021,Brasil,Total,Total,97.6,97.1,1.6,2.0,0.8,0.9
2021,Brasil,Urbana,Total,97.9,97.6,1.5,1.6,0.6,0.8
2021,Brasil,Rural,Total,96.3,94.2,2.6,4.3,1.1,1.5
2021,Brasil,Total,Federal,98.0,98.1,2.0,1.9,0.0,0.0
2021,Brasil,Urbana,Federal,97.9,98.1,2.0,1.9,0.1,0.0
2021,Brasil,Rural,Federal,100.0,100.0,0.0,0.0,0.0,0.0
2021,Brasil,Total,Estadual,97.8,97.4,1.2,1.7,1.0,0.9
2021,Brasil,Urbana,Estadual,98.0,97.7,1.1,1.4,0.9,0.9
2021,Brasil,Rural,Estadual,95.5,93.5,3.4,5.1,1.1,1.4
2021,Brasil,Total,Municipal,97.2,96.5,1.9,2.4,0.9,1.1
2021,Brasil,Urbana,Municipal,97.5,97.1,1.8,2.0,0.7,0.9
2021,Brasil,Rural,Municipal,96.3,94.2,2.6,4.3,1.1,1.5
2021,Brasil,Total,Privada,99.1,99.2,0.7,0.6,0.2,0.2
2021,Brasil,Urbana,Privada,99.1,99.2,0.7,0.6,0.2,0.2
2021,Brasil,Rural,Privada,97.9,98.6,1.8,1.2,0.3,0.2
2021,Brasil,Total,Pública,97.3,96.7,1.8,2.3,0.9,1.0
2021,Brasil,Urbana,Pública,97.5,97.2,1.6,1.9,0.9,0.9
2021,Brasil,Rural,Pública,96.3,94.1,2.6,4.3,1.1,1.6
2021,Norte,Total,Total,95.9,94.3,2.4,3.8,1.7,1.9
2021,Norte,Urbana,Total,96.7,96.0,1.8,2.6,1.5,1.4
2021,Norte,Rural,Total,94.0,90.4,3.8,6.6,2.2,3.0
2021,Norte,Total,Federal,99.3,99.5,0.7,0.5,0.0,0.0
2021,Norte,Urbana,Federal,99.3,99.5,0.7,0.5,0.0,0.0
2021,Norte,Rural,Federal,0.0,0.0,0.0,0.0,0.0,0.0
2021,Norte,Total,Estadual,95.6,94.9,2.8,3.9,1.6,1.2
2021,Norte,Urbana,Estadual,96.1,95.8,2.5,3.2,1.4,1.0
2021,Norte,Rural,Estadual,93.3,89.8,4.6,7.7,2.1,2.5
2021,Norte,Total,Municipal,95.6,93.6,2.6,4.1,1.8,2.3
2021,Norte,Urbana,Municipal,96.5,95.5,1.9,2.7,1.6,1.8
2021,Norte,Rural,Municipal,94.1,90.4,3.8,6.5,2.1,3.1
2021,Norte,Total,Privada,99.2,99.3,0.5,0.5,0.3,0.2
2021,Norte,Urbana,Privada,99.2,99.3,0.5,0.5,0.3,0.2
2021,Norte,Rural,Privada,99.0,99.7,0.8,0.0,0.2,0.3
2021,Norte,Total,Pública,95.6,93.8,2.6,4.1,1.8,2.1
2021,Norte,Urbana,Pública,96.4,95.5,2.0,2.8,1.6,1.7
2021,Norte,Rural,Pública,94.0,90.4,3.8,6.6,2.2,3.0
2021,Nordeste,Total,Total,97.1,95.7,1.8,2.9,1.1,1.4
2021,Nordeste,Urbana,Total,97.3,96.2,1.6,2.5,1.1,1.3
2021,Nordeste,Rural,Total,96.6,94.4,2.4,4.2,1.0,1.4
2021,Nordeste,Total,Federal,99.2,97.5,0.8,2.5,0.0,0.0
2021,Nordeste,Urbana,Federal,99.0,97.3,1.0,2.7,0.0,0.0
2021,Nordeste,Rural,Federal,100.0,100.0,0.0,0.0,0.0,0.0
2021,Nordeste,Total,Estadual,94.4,90.6,3.7,6.8,1.9,2.6
2021,Nordeste,Urbana,Estadual,95.8,91.8,2.5,5.7,1.7,2.5
2021,Nordeste,Rural,Estadual,89.1,85.7,8.2,11.0,2.7,3.3
2021,Nordeste,Total,Municipal,96.8,95.2,2.0,3.3,1.2,1.5
2021,Nordeste,Urbana,Municipal,96.8,95.5,1.9,2.9,1.3,1.6
2021,Nordeste,Rural,Municipal,96.8,94.6,2.2,4.0,1.0,1.4
2021,Nordeste,Total,Privada,98.9,99.1,0.7,0.7,0.4,0.2
2021,Nordeste,Urbana,Privada,98.9,99.1,0.6,0.6,0.5,0.3
2021,Nordeste,Rural,Privada,97.1,97.6,2.3,1.9,0.6,0.5
2021,Nordeste,Total,Pública,96.7,95.0,2.1,3.4,1.2,1.6
2021,Nordeste,Urbana,Pública,96.7,95.3,1.9,3.0,1.4,1.7
2021,Nordeste,Rural,Pública,96.6,94.4,2.4,4.2,1.0,1.4
2021,Sudeste,Total,Total,98.5,98.6,1.0,0.9,0.5,0.5
2021,Sudeste,Urbana,Total,98.5,98.7,1.0,0.9,0.5,0.4
2021,Sudeste,Rural,Total,98.0,98.0,1.6,1.6,0.4,0.4
2021,Sudeste,Total,Federal,97.6,97.9,2.3,2.1,0.1,0.0
2021,Sudeste,Urbana,Federal,97.6,97.9,2.3,2.1,0.1,0.0
2021,Sudeste,Rural,Federal,0.0,0.0,0.0,0.0,0.0,0.0
2021,Sudeste,Total,Estadual,98.8,99.0,0.3,0.3,0.9,0.7
2021,Sudeste,Urbana,Estadual,98.8,99.0,0.3,0.3,0.9,0.7
2021,Sudeste,Rural,Estadual,99.3,99.3,0.6,0.6,0.1,0.1
2021,Sudeste,Total,Municipal,98.2,98.3,1.3,1.2,0.5,0.5
2021,Sudeste,Urbana,Municipal,98.3,98.4,1.2,1.2,0.5,0.4
2021,Sudeste,Rural,Municipal,97.8,97.8,1.8,1.7,0.4,0.5
2021,Sudeste,Total,Privada,99.2,99.3,0.8,0.6,0.0,0.1
2021,Sudeste,Urbana,Privada,99.2,99.3,0.7,0.6,0.1,0.1
2021,Sudeste,Rural,Privada,98.6,99.5,1.4,0.5,0.0,0.0
2021,Sudeste,Total,Pública,98.3,98.5,1.1,1.0,0.6,0.5
2021,Sudeste,Urbana,Pública,98.4,98.5,1.0,1.0,0.6,0.5
2021,Sudeste,Rural,Pública,98.0,98.0,1.7,1.6,0.3,0.4
2021,Sul,Total,Total,97.8,98.1,1.9,1.4,0.3,0.5
2021,Sul,Urbana,Total,97.8,98.2,1.9,1.4,0.3,0.4
2021,Sul,Rural,Total,97.7,97.8,2.1,1.9,0.2,0.3
2021,Sul,Total,Federal,99.7,98.7,0.3,1.3,0.0,0.0
2021,Sul,Urbana,Federal,99.7,98.7,0.3,1.3,0.0,0.0
2021,Sul,Rural,Federal,0.0,0.0,0.0,0.0,0.0,0.0
2021,Sul,Total,Estadual,98.5,98.1,0.5,0.6,1.0,1.3
2021,Sul,Urbana,Estadual,98.4,98.1,0.5,0.6,1.1,1.3
2021,Sul,Rural,Estadual,98.9,98.6,0.7,0.9,0.4,0.5
2021,Sul,Total,Municipal,97.3,97.9,2.5,1.8,0.2,0.3
2021,Sul,Urbana,Municipal,97.3,98.0,2.5,1.8,0.2,0.2
2021,Sul,Rural,Municipal,97.5,97.7,2.4,2.2,0.1,0.1
2021,Sul,Total,Privada,99.1,99.2,0.8,0.7,0.1,0.1
2021,Sul,Urbana,Privada,99.1,99.2,0.8,0.7,0.1,0.1
2021,Sul,Rural,Privada,99.0,99.1,1.0,0.9,0.0,0.0
2021,Sul,Total,Pública,97.5,98.0,2.1,1.6,0.4,0.4
2021,Sul,Urbana,Pública,97.5,98.0,2.1,1.5,0.4,0.5
2021,Sul,Rural,Pública,97.7,97.8,2.1,1.9,0.2,0.3
2021,Centro-Oeste,Total,Total,97.3,97.4,2.4,2.4,0.3,0.2
2021,Centro-Oeste,Urbana,Total,97.4,97.5,2.3,2.2,0.3,0.3
2021,Centro-Oeste,Rural,Total,96.3,95.7,3.4,4.0,0.3,0.3
2021,Centro-Oeste,Total,Federal,94.9,98.3,5.1,1.7,0.0,0.0
2021,Centro-Oeste,Urbana,Federal,94.9,98.3,5.1,1.7,0.0,0.0
2021,Centro-Oeste,Rural,Federal,0.0,0.0,0.0,0.0,0.0,0.0
2021,Centro-Oeste,Total,Estadual,96.4,96.1,3.5,3.7,0.1,0.2
2021,Centro-Oeste,Urbana,Estadual,96.3,96.1,3.5,3.7,0.2,0.2
2021,Centro-Oeste,Rural,Estadual,96.8,96.0,3.0,3.8,0.2,0.2
2021,Centro-Oeste,Total,Municipal,97.1,97.3,2.5,2.3,0.4,0.4
2021,Centro-Oeste,Urbana,Municipal,97.2,97.5,2.4,2.1,0.4,0.4
2021,Centro-Oeste,Rural,Municipal,96.1,95.6,3.5,4.1,0.4,0.3
2021,Centro-Oeste,Total,Privada,99.4,99.4,0.5,0.5,0.1,0.1
2021,Centro-Oeste,Urbana,Privada,99.4,99.4,0.5,0.5,0.1,0.1
2021,Centro-Oeste,Rural,Privada,99.5,98.7,0.5,1.3,0.0,0.0
2021,Centro-Oeste,Total,Pública,96.9,97.0,2.8,2.7,0.3,0.3
2021,Centro-Oeste,Urbana,Pública,97.0,97.1,2.7,2.6,0.3,0.3
2021,Centro-Oeste,Rural,Pública,96.3,95.7,3.4,4.0,0.3,0.3
2020,Brasil,Total,Total,98.5,98.5,0.6,0.7,0.9,0.8
2020,Brasil,Urbana,Total,98.5,98.7,0.6,0.6,0.9,0.7
2020,Brasil,Rural,Total,98.5,97.7,0.6,1.1,0.9,1.2
2020,Brasil,Total,Federal,99.6,99.7,0.3,0.1,0.1,0.2
2020,Brasil,Urbana,Federal,99.6,99.7,0.3,0.1,0.1,0.2
2020,Brasil,Rural,Federal,100.0,100.0,0.0,0.0,0.0,0.0
2020,Brasil,Total,Estadual,98.7,98.5,0.7,1.0,0.6,0.5
2020,Brasil,Urbana,Estadual,98.8,98.7,0.7,0.9,0.5,0.4
2020,Brasil,Rural,Estadual,96.9,95.7,1.1,1.9,2.0,2.4
2020,Brasil,Total,Municipal,99.0,98.7,0.5,0.7,0.5,0.6
2020,Brasil,Urbana,Municipal,99.1,98.9,0.5,0.6,0.4,0.5
2020,Brasil,Rural,Municipal,98.6,97.9,0.6,1.0,0.8,1.1
2020,Brasil,Total,Privada,96.5,98.0,0.7,0.6,2.8,1.4
2020,Brasil,Urbana,Privada,96.5,98.0,0.7,0.6,2.8,1.4
2020,Brasil,Rural,Privada,95.9,97.2,1.8,1.5,2.3,1.3
2020,Brasil,Total,Pública,98.9,98.6,0.5,0.7,0.6,0.7
2020,Brasil,Urbana,Pública,99.0,98.8,0.5,0.6,0.5,0.6
2020,Brasil,Rural,Pública,98.5,97.7,0.6,1.1,0.9,1.2
2020,Norte,Total,Total,98.1,97.4,0.7,1.0,1.2,1.6
2020,Norte,Urbana,Total,98.4,98.2,0.6,0.8,1.0,1.0
2020,Norte,Rural,Total,97.4,95.6,0.9,1.7,1.7,2.7
2020,Norte,Total,Federal,99.5,100.0,0.5,0.0,0.0,0.0
2020,Norte,Urbana,Federal,99.5,100.0,0.5,0.0,0.0,0.0
2020,Norte,Rural,Federal,0.0,0.0,0.0,0.0,0.0,0.0
2020,Norte,Total,Estadual,98.1,97.7,0.7,0.9,1.2,1.4
2020,Norte,Urbana,Estadual,99.1,98.9,0.6,0.7,0.3,0.4
2020,Norte,Rural,Estadual,92.6,90.7,1.0,2.1,6.4,7.2
2020,Norte,Total,Municipal,98.3,97.4,0.7,1.1,1.0,1.5
2020,Norte,Urbana,Municipal,98.7,98.2,0.6,0.8,0.7,1.0
2020,Norte,Rural,Municipal,97.8,96.0,0.8,1.7,1.4,2.3
2020,Norte,Total,Privada,95.7,97.3,0.6,0.6,3.7,2.1
2020,Norte,Urbana,Privada,95.7,97.3,0.6,0.6,3.7,2.1
2020,Norte,Rural,Privada,97.2,96.4,2.1,3.4,0.7,0.2
2020,Norte,Total,Pública,98.3,97.5,0.7,1.1,1.0,1.4
2020,Norte,Urbana,Pública,98.7,98.3,0.6,0.8,0.7,0.9
2020,Norte,Rural,Pública,97.4,95.6,0.9,1.7,1.7,2.7
2020,Nordeste,Total,Total,97.7,98.0,0.5,0.6,1.8,1.4
2020,Nordeste,Urbana,Total,97.3,98.0,0.5,0.5,2.2,1.5
2020,Nordeste,Rural,Total,98.8,98.2,0.5,0.9,0.7,0.9
2020,Nordeste,Total,Federal,99.4,98.4,0.0,0.0,0.6,1.6
2020,Nordeste,Urbana,Federal,99.3,98.2,0.0,0.0,0.7,1.8
2020,Nordeste,Rural,Federal,100.0,100.0,0.0,0.0,0.0,0.0
2020,Nordeste,Total,Estadual,99.2,98.8,0.4,0.6,0.4,0.6
2020,Nordeste,Urbana,Estadual,99.7,99.4,0.1,0.2,0.2,0.4
2020,Nordeste,Rural,Estadual,97.2,95.8,1.7,2.8,1.1,1.4
2020,Nordeste,Total,Municipal,98.9,98.5,0.3,0.6,0.8,0.9
2020,Nordeste,Urbana,Municipal,99.0,98.6,0.3,0.5,0.7,0.9
2020,Nordeste,Rural,Municipal,98.9,98.3,0.4,0.8,0.7,0.9
2020,Nordeste,Total,Privada,93.0,95.9,1.0,0.8,6.0,3.3
2020,Nordeste,Urbana,Privada,93.0,95.9,1.0,0.8,6.0,3.3
2020,Nordeste,Rural,Privada,93.9,95.8,2.4,1.8,3.7,2.4
2020,Nordeste,Total,Pública,98.9,98.5,0.4,0.6,0.7,0.9
2020,Nordeste,Urbana,Pública,99.0,98.7,0.3,0.5,0.7,0.8
2020,Nordeste,Rural,Pública,98.9,98.3,0.5,0.9,0.6,0.8
2020,Sudeste,Total,Total,99.1,99.1,0.4,0.4,0.5,0.5
2020,Sudeste,Urbana,Total,99.1,99.2,0.4,0.4,0.5,0.4
2020,Sudeste,Rural,Total,99.0,98.8,0.3,0.6,0.7,0.6
2020,Sudeste,Total,Federal,99.7,99.8,0.3,0.2,0.0,0.0
2020,Sudeste,Urbana,Federal,99.7,99.8,0.3,0.2,0.0,0.0
2020,Sudeste,Rural,Federal,0.0,0.0,0.0,0.0,0.0,0.0
2020,Sudeste,Total,Estadual,99.0,99.2,0.3,0.3,0.7,0.5
2020,Sudeste,Urbana,Estadual,99.0,99.1,0.3,0.3,0.7,0.6
2020,Sudeste,Rural,Estadual,99.4,99.2,0.1,0.1,0.5,0.7
2020,Sudeste,Total,Municipal,99.3,99.2,0.3,0.4,0.4,0.4
2020,Sudeste,Urbana,Municipal,99.4,99.2,0.3,0.4,0.3,0.4
2020,Sudeste,Rural,Municipal,99.1,98.7,0.3,0.6,0.6,0.7
2020,Sudeste,Total,Privada,98.2,99.0,0.7,0.5,1.1,0.5
2020,Sudeste,Urbana,Privada,98.2,99.0,0.7,0.5,1.1,0.5
2020,Sudeste,Rural,Privada,97.9,99.0,1.1,0.7,1.0,0.3
2020,Sudeste,Total,Pública,99.3,99.2,0.3,0.4,0.4,0.4
2020,Sudeste,Urbana,Pública,99.3,99.2,0.3,0.4,0.4,0.4
2020,Sudeste,Rural,Pública,99.1,98.7,0.3,0.6,0.6,0.7
2020,Sul,Total,Total,99.1,99.0,0.8,0.8,0.1,0.2
2020,Sul,Urbana,Total,99.0,99.0,0.8,0.9,0.2,0.1
2020,Sul,Rural,Total,99.3,99.2,0.6,0.7,0.1,0.1
2020,Sul,Total,Federal,99.6,100.0,0.0,0.0,0.4,0.0
2020,Sul,Urbana,Federal,99.6,100.0,0.0,0.0,0.4,0.0
2020,Sul,Rural,Federal,0.0,0.0,0.0,0.0,0.0,0.0
2020,Sul,Total,Estadual,98.8,98.0,1.2,1.9,0.0,0.1
2020,Sul,Urbana,Estadual,98.7,97.9,1.2,2.0,0.1,0.1
2020,Sul,Rural,Estadual,99.2,98.6,0.7,1.1,0.1,0.3
2020,Sul,Total,Municipal,99.1,99.2,0.7,0.6,0.2,0.2
2020,Sul,Urbana,Municipal,99.1,99.2,0.8,0.6,0.1,0.2
2020,Sul,Rural,Municipal,99.3,99.3,0.6,0.5,0.1,0.2
2020,Sul,Total,Privada,99.3,99.5,0.6,0.4,0.1,0.1
2020,Sul,Urbana,Privada,99.3,99.5,0.6,0.4,0.1,0.1
2020,Sul,Rural,Privada,98.8,98.4,1.1,1.6,0.1,0.0
2020,Sul,Total,Pública,99.0,99.0,0.8,0.9,0.2,0.1
2020,Sul,Urbana,Pública,99.0,98.9,0.8,0.9,0.2,0.2
2020,Sul,Rural,Pública,99.3,99.2,0.6,0.7,0.1,0.1
2020,Centro-Oeste,Total,Total,98.3,98.2,1.3,1.5,0.4,0.3
2020,Centro-Oeste,Urbana,Total,98.3,98.3,1.3,1.5,0.4,0.2
2020,Centro-Oeste,Rural,Total,98.1,97.6,1.5,1.9,0.4,0.5
2020,Centro-Oeste,Total,Federal,0.0,0.0,0.0,0.0,0.0,0.0
2020,Centro-Oeste,Urbana,Federal,0.0,0.0,0.0,0.0,0.0,0.0
2020,Centro-Oeste,Rural,Federal,0.0,0.0,0.0,0.0,0.0,0.0
2020,Centro-Oeste,Total,Estadual,97.9,97.3,2.0,2.5,0.1,0.2
2020,Centro-Oeste,Urbana,Estadual,97.9,97.4,2.0,2.5,0.1,0.1
2020,Centro-Oeste,Rural,Estadual,97.9,96.4,1.9,3.4,0.2,0.2
2020,Centro-Oeste,Total,Municipal,98.3,98.4,1.3,1.3,0.4,0.3
2020,Centro-Oeste,Urbana,Municipal,98.4,98.4,1.3,1.3,0.3,0.3
2020,Centro-Oeste,Rural,Municipal,98.2,98.1,1.3,1.4,0.5,0.5
2020,Centro-Oeste,Total,Privada,98.5,99.1,0.5,0.4,1.0,0.5
2020,Centro-Oeste,Urbana,Privada,98.5,99.1,0.5,0.4,1.0,0.5
2020,Centro-Oeste,Rural,Privada,99.6,99.4,0.4,0.6,0.0,0.0
2020,Centro-Oeste,Total,Pública,98.2,98.0,1.5,1.7,0.3,0.3
2020,Centro-Oeste,Urbana,Pública,98.2,98.1,1.5,1.7,0.3,0.2
2020,Centro-Oeste,Rural,Pública,98.1,97.6,1.5,1.9,0.4,0.5
2019,Brasil,Total,Total,95.1,94.7,4.3,4.7,0.6,0.6
2019,Brasil,Urbana,Total,95.9,95.7,3.7,3.8,0.4,0.5
2019,Brasil,Rural,Total,91.0,88.8,7.8,9.4,1.2,1.8
2019,Brasil,Total,Federal,96.9,96.2,2.9,3.5,0.2,0.3
2019,Brasil,Urbana,Federal,96.9,96.2,2.9,3.5,0.2,0.3
2019,Brasil,Rural,Federal,100.0,100.0,0.0,0.0,0.0,0.0
2019,Brasil,Total,Estadual,96.3,95.4,3.3,4.1,0.4,0.5
2019,Brasil,Urbana,Estadual,96.6,95.8,3.0,3.7,0.4,0.5
2019,Brasil,Rural,Estadual,91.6,89.7,7.0,8.6,1.4,1.7
2019,Brasil,Total,Municipal,93.9,93.5,5.4,5.7,0.7,0.8
2019,Brasil,Urbana,Municipal,94.7,94.7,4.8,4.7,0.5,0.6
2019,Brasil,Rural,Municipal,90.8,88.7,7.9,9.5,1.3,1.8
2019,Brasil,Total,Privada,98.8,98.8,1.0,1.1,0.2,0.1
2019,Brasil,Urbana,Privada,98.9,98.9,1.0,1.1,0.1,0.0
2019,Brasil,Rural,Privada,97.4,96.8,2.5,3.1,0.1,0.1
2019,Brasil,Total,Pública,94.3,93.8,5.1,5.4,0.6,0.8
2019,Brasil,Urbana,Pública,95.0,94.9,4.5,4.5,0.5,0.6
2019,Brasil,Rural,Pública,90.9,88.8,7.8,9.5,1.3,1.7
2019,Norte,Total,Total,91.0,88.9,7.6,9.3,1.4,1.8
2019,Norte,Urbana,Total,93.5,92.4,5.7,6.6,0.8,1.0
2019,Norte,Rural,Total,85.2,80.9,12.1,15.4,2.7,3.7
2019,Norte,Total,Federal,97.4,96.5,2.3,3.1,0.3,0.4
2019,Norte,Urbana,Federal,97.4,96.5,2.3,3.1,0.3,0.4
2019,Norte,Rural,Federal,0.0,0.0,0.0,0.0,0.0,0.0
2019,Norte,Total,Estadual,93.1,91.4,5.8,7.6,1.1,1.0
2019,Norte,Urbana,Estadual,94.2,92.5,5.0,6.8,0.8,0.7
2019,Norte,Rural,Estadual,87.5,84.9,9.8,12.2,2.7,2.9
2019,Norte,Total,Municipal,89.7,87.3,8.7,10.5,1.6,2.2
2019,Norte,Urbana,Municipal,92.3,91.3,6.7,7.5,1.0,1.2
2019,Norte,Rural,Municipal,85.0,80.5,12.3,15.7,2.7,3.8
2019,Norte,Total,Privada,98.9,98.8,0.9,1.2,0.2,0.0
2019,Norte,Urbana,Privada,99.0,98.9,0.9,1.0,0.1,0.1
2019,Norte,Rural,Privada,93.5,90.6,6.2,9.2,0.3,0.2
2019,Norte,Total,Pública,90.2,88.0,8.3,10.0,1.5,2.0
2019,Norte,Urbana,Pública,92.7,91.6,6.4,7.3,0.9,1.1
2019,Norte,Rural,Pública,85.1,80.9,12.1,15.4,2.8,3.7
2019,Nordeste,Total,Total,93.7,92.6,5.4,6.4,0.9,1.0
2019,Nordeste,Urbana,Total,94.5,93.6,4.8,5.4,0.7,1.0
2019,Nordeste,Rural,Total,91.8,89.7,7.2,8.8,1.0,1.5
2019,Nordeste,Total,Federal,100.0,100.0,0.0,0.0,0.0,0.0
2019,Nordeste,Urbana,Federal,100.0,100.0,0.0,0.0,0.0,0.0
2019,Nordeste,Rural,Federal,100.0,100.0,0.0,0.0,0.0,0.0
2019,Nordeste,Total,Estadual,90.2,87.9,8.4,10.2,1.4,1.9
2019,Nordeste,Urbana,Estadual,91.4,89.2,7.4,9.3,1.2,1.5
2019,Nordeste,Rural,Estadual,85.1,82.3,12.4,14.4,2.5,3.3
2019,Nordeste,Total,Municipal,92.5,91.3,6.5,7.4,1.0,1.3
2019,Nordeste,Urbana,Municipal,92.9,92.1,6.1,6.7,1.0,1.2
2019,Nordeste,Rural,Municipal,91.8,89.8,7.1,8.7,1.1,1.5
2019,Nordeste,Total,Privada,98.6,98.5,1.2,1.3,0.2,0.2
2019,Nordeste,Urbana,Privada,98.6,98.6,1.2,1.3,0.2,0.1
2019,Nordeste,Rural,Privada,97.6,96.8,2.2,3.0,0.2,0.2
2019,Nordeste,Total,Pública,92.5,91.2,6.5,7.5,1.0,1.3
2019,Nordeste,Urbana,Pública,92.8,92.0,6.2,6.8,1.0,1.2
2019,Nordeste,Rural,Pública,91.7,89.7,7.2,8.9,1.1,1.4
2019,Sudeste,Total,Total,97.2,97.6,2.6,2.2,0.2,0.2
2019,Sudeste,Urbana,Total,97.3,97.7,2.5,2.1,0.2,0.2
2019,Sudeste,Rural,Total,95.1,95.6,4.6,4.1,0.3,0.3
2019,Sudeste,Total,Federal,96.7,95.7,3.0,4.0,0.3,0.3
2019,Sudeste,Urbana,Federal,96.7,95.7,3.0,4.0,0.3,0.3
2019,Sudeste,Rural,Federal,0.0,0.0,0.0,0.0,0.0,0.0
2019,Sudeste,Total,Estadual,99.1,99.3,0.6,0.4,0.3,0.3
2019,Sudeste,Urbana,Estadual,99.1,99.3,0.6,0.4,0.3,0.3
2019,Sudeste,Rural,Estadual,98.6,98.3,1.2,1.4,0.2,0.3
2019,Sudeste,Total,Municipal,96.0,96.6,3.7,3.1,0.3,0.3
2019,Sudeste,Urbana,Municipal,96.1,96.7,3.6,3.0,0.3,0.3
2019,Sudeste,Rural,Municipal,94.7,95.2,5.1,4.5,0.2,0.3
2019,Sudeste,Total,Privada,98.9,99.0,1.0,1.0,0.1,0.0
2019,Sudeste,Urbana,Privada,98.9,99.0,1.0,1.0,0.1,0.0
2019,Sudeste,Rural,Privada,97.8,98.3,2.1,1.7,0.1,0.0
2019,Sudeste,Total,Pública,96.7,97.3,3.0,2.5,0.3,0.2
2019,Sudeste,Urbana,Pública,96.8,97.4,2.9,2.3,0.3,0.3
2019,Sudeste,Rural,Pública,95.1,95.5,4.7,4.2,0.2,0.3
2019,Sul,Total,Total,95.4,95.3,4.4,4.4,0.2,0.3
2019,Sul,Urbana,Total,95.4,95.4,4.4,4.3,0.2,0.3
2019,Sul,Rural,Total,94.9,94.7,5.0,5.0,0.1,0.3
2019,Sul,Total,Federal,95.9,95.7,3.9,4.3,0.2,0.0
2019,Sul,Urbana,Federal,95.9,95.7,3.9,4.3,0.2,0.0
2019,Sul,Rural,Federal,0.0,0.0,0.0,0.0,0.0,0.0
2019,Sul,Total,Estadual,93.1,90.9,6.6,8.6,0.3,0.5
2019,Sul,Urbana,Estadual,93.0,90.8,6.6,8.7,0.4,0.5
2019,Sul,Rural,Estadual,93.4,91.3,6.2,8.1,0.4,0.6
2019,Sul,Total,Municipal,95.2,95.9,4.6,3.8,0.2,0.3
2019,Sul,Urbana,Municipal,95.2,95.9,4.6,3.8,0.2,0.3
2019,Sul,Rural,Municipal,95.1,95.5,4.7,4.3,0.2,0.2
2019,Sul,Total,Privada,99.1,99.0,0.9,1.0,0.0,0.0
2019,Sul,Urbana,Privada,99.1,99.0,0.9,1.0,0.0,0.0
2019,Sul,Rural,Privada,98.5,99.2,1.5,0.8,0.0,0.0
2019,Sul,Total,Pública,94.8,94.8,5.0,4.9,0.2,0.3
2019,Sul,Urbana,Pública,94.8,94.8,5.0,4.9,0.2,0.3
2019,Sul,Rural,Pública,94.8,94.7,5.0,5.0,0.2,0.3
2019,Centro-Oeste,Total,Total,96.0,96.4,3.7,3.3,0.3,0.3
2019,Centro-Oeste,Urbana,Total,96.2,96.6,3.6,3.2,0.2,0.2
2019,Centro-Oeste,Rural,Total,93.9,94.2,5.4,4.9,0.7,0.9
2019,Centro-Oeste,Total,Federal,97.3,98.4,2.7,1.6,0.0,0.0
2019,Centro-Oeste,Urbana,Federal,97.3,98.4,2.7,1.6,0.0,0.0
2019,Centro-Oeste,Rural,Federal,0.0,0.0,0.0,0.0,0.0,0.0
2019,Centro-Oeste,Total,Estadual,95.2,94.9,4.6,4.7,0.2,0.4
2019,Centro-Oeste,Urbana,Estadual,95.2,95.0,4.6,4.7,0.2,0.3
2019,Centro-Oeste,Rural,Estadual,95.3,94.5,4.2,4.7,0.5,0.8
2019,Centro-Oeste,Total,Municipal,95.3,96.2,4.4,3.4,0.3,0.4
2019,Centro-Oeste,Urbana,Municipal,95.5,96.5,4.2,3.2,0.3,0.3
2019,Centro-Oeste,Rural,Municipal,93.4,94.0,5.8,5.0,0.8,1.0
2019,Centro-Oeste,Total,Privada,99.4,99.3,0.6,0.7,0.0,0.0
2019,Centro-Oeste,Urbana,Privada,99.4,99.3,0.6,0.7,0.0,0.0
2019,Centro-Oeste,Rural,Privada,97.8,96.7,2.2,3.3,0.0,0.0
2019,Centro-Oeste,Total,Pública,95.3,95.8,4.4,3.8,0.3,0.4
2019,Centro-Oeste,Urbana,Pública,95.4,96.0,4.3,3.7,0.3,0.3
2019,Centro-Oeste,Rural,Pública,93.9,94.1,5.4,4.9,0.7,1.0
2018,Brasil,Total,Total,94.2,93.6,5.1,5.6,0.7,0.8
2018,Brasil,Urbana,Total,95.0,94.8,4.4,4.5,0.6,0.7
2018,Brasil,Rural,Total,89.7,86.9,8.8,11.0,1.5,2.1
2018,Brasil,Total,Federal,96.6,96.9,3.4,2.9,0.0,0.2
2018,Brasil,Urbana,Federal,96.6,97.1,3.4,2.8,0.0,0.1
2018,Brasil,Rural,Federal,94.3,80.0,5.7,20.0,0.0,0.0
2018,Brasil,Total,Estadual,95.8,95.0,3.6,4.4,0.6,0.6
2018,Brasil,Urbana,Estadual,96.2,95.4,3.3,4.0,0.5,0.6
2018,Brasil,Rural,Estadual,91.0,88.9,7.4,9.2,1.6,1.9
2018,Brasil,Total,Municipal,92.7,92.0,6.4,6.9,0.9,1.1
2018,Brasil,Urbana,Municipal,93.6,93.4,5.7,5.7,0.7,0.9
2018,Brasil,Rural,Municipal,89.6,86.7,8.9,11.2,1.5,2.1
2018,Brasil,Total,Privada,98.7,98.8,1.1,1.1,0.2,0.1
2018,Brasil,Urbana,Privada,98.7,98.8,1.1,1.1,0.2,0.1
2018,Brasil,Rural,Privada,97.1,97.0,2.6,2.8,0.3,0.2
2018,Brasil,Total,Pública,93.2,92.5,5.9,6.4,0.9,1.1
2018,Brasil,Urbana,Pública,94.1,93.8,5.3,5.3,0.6,0.9
2018,Brasil,Rural,Pública,89.6,86.9,8.8,11.1,1.6,2.0
2018,Norte,Total,Total,89.9,87.0,8.5,10.9,1.6,2.1
2018,Norte,Urbana,Total,92.4,90.9,6.5,7.8,1.1,1.3
2018,Norte,Rural,Total,84.0,78.5,12.9,17.6,3.1,3.9
2018,Norte,Total,Federal,97.0,97.8,3.0,2.2,0.0,0.0
2018,Norte,Urbana,Federal,97.0,97.8,3.0,2.2,0.0,0.0
2018,Norte,Rural,Federal,0.0,0.0,0.0,0.0,0.0,0.0
2018,Norte,Total,Estadual,92.2,90.1,6.4,8.5,1.4,1.4
2018,Norte,Urbana,Estadual,93.2,91.2,5.7,7.6,1.1,1.2
2018,Norte,Rural,Estadual,87.0,83.3,10.1,13.2,2.9,3.5
2018,Norte,Total,Municipal,88.4,85.0,9.7,12.5,1.9,2.5
2018,Norte,Urbana,Municipal,91.1,89.5,7.8,9.0,1.1,1.5
2018,Norte,Rural,Municipal,83.7,77.9,13.2,18.0,3.1,4.1
2018,Norte,Total,Privada,98.9,98.8,0.9,1.1,0.2,0.1
2018,Norte,Urbana,Privada,99.0,98.8,0.9,1.1,0.1,0.1
2018,Norte,Rural,Privada,96.4,97.3,3.4,2.7,0.2,0.0
2018,Norte,Total,Pública,89.0,86.0,9.2,11.7,1.8,2.3
2018,Norte,Urbana,Pública,91.5,89.9,7.4,8.6,1.1,1.5
2018,Norte,Rural,Pública,83.9,78.4,13.0,17.6,3.1,4.0
2018,Nordeste,Total,Total,92.3,90.5,6.6,8.0,1.1,1.5
2018,Nordeste,Urbana,Total,93.1,91.7,5.9,7.0,1.0,1.3
2018,Nordeste,Rural,Total,90.2,87.5,8.4,10.7,1.4,1.8
2018,Nordeste,Total,Federal,98.9,96.9,1.1,3.1,0.0,0.0
2018,Nordeste,Urbana,Federal,99.7,99.1,0.3,0.9,0.0,0.0
2018,Nordeste,Rural,Federal,94.3,80.0,5.7,20.0,0.0,0.0
2018,Nordeste,Total,Estadual,88.9,86.3,9.4,11.6,1.7,2.1
2018,Nordeste,Urbana,Estadual,89.8,87.0,8.8,11.1,1.4,1.9
2018,Nordeste,Rural,Estadual,85.1,82.6,11.8,13.7,3.1,3.7
2018,Nordeste,Total,Municipal,90.8,88.9,7.9,9.4,1.3,1.7
2018,Nordeste,Urbana,Municipal,91.0,89.7,7.6,8.7,1.4,1.6
2018,Nordeste,Rural,Municipal,90.3,87.5,8.4,10.7,1.3,1.8
2018,Nordeste,Total,Privada,98.4,98.4,1.3,1.4,0.3,0.2
2018,Nordeste,Urbana,Privada,98.4,98.5,1.3,1.4,0.3,0.1
2018,Nordeste,Rural,Privada,96.7,96.2,2.7,3.3,0.6,0.5
2018,Nordeste,Total,Pública,90.7,88.8,7.9,9.4,1.4,1.8
2018,Nordeste,Urbana,Pública,91.0,89.5,7.7,8.8,1.3,1.7
2018,Nordeste,Rural,Pública,90.2,87.4,8.5,10.7,1.3,1.9
2018,Sudeste,Total,Total,96.6,97.2,3.0,2.5,0.4,0.3
2018,Sudeste,Urbana,Total,96.7,97.3,2.9,2.4,0.4,0.3
2018,Sudeste,Rural,Total,94.6,95.5,5.1,4.1,0.3,0.4
2018,Sudeste,Total,Federal,96.3,96.9,3.6,3.1,0.1,0.0
2018,Sudeste,Urbana,Federal,96.3,96.9,3.6,3.1,0.1,0.0
2018,Sudeste,Rural,Federal,0.0,0.0,0.0,0.0,0.0,0.0
2018,Sudeste,Total,Estadual,98.7,99.1,0.8,0.5,0.5,0.4
2018,Sudeste,Urbana,Estadual,98.7,99.1,0.8,0.5,0.5,0.4
2018,Sudeste,Rural,Estadual,98.4,98.0,1.3,1.4,0.3,0.6
2018,Sudeste,Total,Municipal,95.3,96.1,4.3,3.5,0.4,0.4
2018,Sudeste,Urbana,Municipal,95.4,96.2,4.2,3.4,0.4,0.4
2018,Sudeste,Rural,Municipal,94.1,95.1,5.5,4.5,0.4,0.4
2018,Sudeste,Total,Privada,98.8,98.9,1.1,1.1,0.1,0.0
2018,Sudeste,Urbana,Privada,98.8,98.9,1.1,1.1,0.1,0.0
2018,Sudeste,Rural,Privada,97.7,97.9,2.2,2.1,0.1,0.0
2018,Sudeste,Total,Pública,96.1,96.8,3.5,2.8,0.4,0.4
2018,Sudeste,Urbana,Pública,96.2,96.9,3.4,2.7,0.4,0.4
2018,Sudeste,Rural,Pública,94.5,95.4,5.2,4.2,0.3,0.4
2018,Sul,Total,Total,94.6,94.6,5.2,5.1,0.2,0.3
2018,Sul,Urbana,Total,94.7,94.7,5.1,5.0,0.2,0.3
2018,Sul,Rural,Total,94.2,94.0,5.6,5.7,0.2,0.3
2018,Sul,Total,Federal,97.8,97.9,2.2,2.1,0.0,0.0
2018,Sul,Urbana,Federal,97.8,97.9,2.2,2.1,0.0,0.0
2018,Sul,Rural,Federal,0.0,0.0,0.0,0.0,0.0,0.0
2018,Sul,Total,Estadual,92.3,90.0,7.4,9.6,0.3,0.4
2018,Sul,Urbana,Estadual,92.4,90.0,7.4,9.6,0.2,0.4
2018,Sul,Rural,Estadual,91.5,89.4,8.0,9.9,0.5,0.7
2018,Sul,Total,Municipal,94.3,95.1,5.5,4.5,0.2,0.4
2018,Sul,Urbana,Municipal,94.3,95.1,5.5,4.5,0.2,0.4
2018,Sul,Rural,Municipal,94.7,95.0,5.1,4.7,0.2,0.3
2018,Sul,Total,Privada,99.0,99.0,1.0,1.0,0.0,0.0
2018,Sul,Urbana,Privada,99.0,99.0,1.0,1.0,0.0,0.0
2018,Sul,Rural,Privada,98.0,96.2,2.0,3.8,0.0,0.0
2018,Sul,Total,Pública,93.9,94.0,5.9,5.7,0.2,0.3
2018,Sul,Urbana,Pública,93.9,94.0,5.9,5.7,0.2,0.3
2018,Sul,Rural,Pública,94.2,93.9,5.6,5.7,0.2,0.4
2018,Centro-Oeste,Total,Total,95.7,96.0,4.0,3.6,0.3,0.4
2018,Centro-Oeste,Urbana,Total,95.9,96.3,3.9,3.3,0.2,0.4
2018,Centro-Oeste,Rural,Total,93.2,92.6,6.1,6.3,0.7,1.1
2018,Centro-Oeste,Total,Federal,93.8,93.4,5.8,4.9,0.4,1.7
2018,Centro-Oeste,Urbana,Federal,93.8,93.4,5.8,4.9,0.4,1.7
2018,Centro-Oeste,Rural,Federal,0.0,0.0,0.0,0.0,0.0,0.0
2018,Centro-Oeste,Total,Estadual,95.4,95.3,4.3,4.3,0.3,0.4
2018,Centro-Oeste,Urbana,Estadual,95.4,95.5,4.3,4.2,0.3,0.3
2018,Centro-Oeste,Rural,Estadual,95.2,93.9,4.4,5.3,0.4,0.8
2018,Centro-Oeste,Total,Municipal,94.6,95.4,5.0,4.1,0.4,0.5
2018,Centro-Oeste,Urbana,Municipal,94.9,95.8,4.8,3.8,0.3,0.4
2018,Centro-Oeste,Rural,Municipal,92.5,92.1,6.7,6.7,0.8,1.2
2018,Centro-Oeste,Total,Privada,99.3,99.1,0.6,0.9,0.1,0.0
2018,Centro-Oeste,Urbana,Privada,99.3,99.1,0.6,0.9,0.1,0.0
2018,Centro-Oeste,Rural,Privada,98.3,98.8,1.7,1.2,0.0,0.0
2018,Centro-Oeste,Total,Pública,94.9,95.4,4.8,4.1,0.3,0.5
2018,Centro-Oeste,Urbana,Pública,95.1,95.7,4.6,3.9,0.3,0.4
2018,Centro-Oeste,Rural,Pública,93.2,92.6,6.1,6.3,0.7,1.1
2017,Brasil,Total,Total,94.0,93.1,5.2,5.9,0.8,1.0
2017,Brasil,Urbana,Total,94.8,94.4,4.5,4.8,0.7,0.8
2017,Brasil,Rural,Total,89.5,86.7,8.8,11.1,1.7,2.2
2017,Brasil,Total,Federal,97.1,97.2,2.9,2.7,0.0,0.1
2017,Brasil,Urbana,Federal,97.1,97.1,2.8,2.7,0.1,0.2
2017,Brasil,Rural,Federal,96.6,100.0,3.4,0.0,0.0,0.0
2017,Brasil,Total,Estadual,95.6,94.8,3.8,4.5,0.6,0.7
2017,Brasil,Urbana,Estadual,95.9,95.2,3.5,4.1,0.6,0.7
2017,Brasil,Rural,Estadual,90.7,88.5,7.4,9.3,1.9,2.2
2017,Brasil,Total,Municipal,92.5,91.5,6.5,7.2,1.0,1.3
2017,Brasil,Urbana,Municipal,93.3,92.9,5.9,6.1,0.8,1.0
2017,Brasil,Rural,Municipal,89.3,86.5,8.9,11.3,1.8,2.2
2017,Brasil,Total,Privada,98.6,98.6,1.3,1.3,0.1,0.1
2017,Brasil,Urbana,Privada,98.6,98.6,1.3,1.3,0.1,0.1
2017,Brasil,Rural,Privada,96.2,96.6,3.4,3.1,0.4,0.3
2017,Brasil,Total,Pública,93.0,92.1,6.1,6.7,0.9,1.2
2017,Brasil,Urbana,Pública,93.8,93.4,5.4,5.7,0.8,0.9
2017,Brasil,Rural,Pública,89.4,86.6,8.8,11.1,1.8,2.3
2017,Norte,Total,Total,89.6,86.7,8.5,11.1,1.9,2.2
2017,Norte,Urbana,Total,92.1,90.4,6.7,8.2,1.2,1.4
2017,Norte,Rural,Total,84.0,78.5,12.7,17.2,3.3,4.3
2017,Norte,Total,Federal,97.0,99.1,2.8,0.4,0.2,0.5
2017,Norte,Urbana,Federal,97.0,99.1,2.8,0.4,0.2,0.5
2017,Norte,Rural,Federal,0.0,0.0,0.0,0.0,0.0,0.0
2017,Norte,Total,Estadual,92.0,90.0,6.5,8.5,1.5,1.5
2017,Norte,Urbana,Estadual,93.0,91.2,5.8,7.6,1.2,1.2
2017,Norte,Rural,Estadual,87.0,82.9,10.1,13.2,2.9,3.9
2017,Norte,Total,Municipal,88.2,84.7,9.8,12.6,2.0,2.7
2017,Norte,Urbana,Municipal,90.8,88.9,7.9,9.5,1.3,1.6
2017,Norte,Rural,Municipal,83.7,78.1,12.9,17.6,3.4,4.3
2017,Norte,Total,Privada,98.7,98.5,1.1,1.4,0.2,0.1
2017,Norte,Urbana,Privada,98.8,98.6,1.0,1.3,0.2,0.1
2017,Norte,Rural,Privada,91.1,90.5,7.9,8.5,1.0,1.0
2017,Norte,Total,Pública,88.8,85.7,9.2,11.8,2.0,2.5
2017,Norte,Urbana,Pública,91.2,89.5,7.5,9.0,1.3,1.5
2017,Norte,Rural,Pública,84.0,78.5,12.7,17.2,3.3,4.3
2017,Nordeste,Total,Total,91.7,89.7,6.9,8.6,1.4,1.7
2017,Nordeste,Urbana,Total,92.5,90.9,6.2,7.6,1.3,1.5
2017,Nordeste,Rural,Total,89.7,86.8,8.6,11.0,1.7,2.2
2017,Nordeste,Total,Federal,99.5,100.0,0.5,0.0,0.0,0.0
2017,Nordeste,Urbana,Federal,100.0,100.0,0.0,0.0,0.0,0.0
2017,Nordeste,Rural,Federal,96.6,100.0,3.4,0.0,0.0,0.0
2017,Nordeste,Total,Estadual,87.9,85.6,9.8,11.7,2.3,2.7
2017,Nordeste,Urbana,Estadual,89.0,86.6,9.1,11.2,1.9,2.2
2017,Nordeste,Rural,Estadual,82.8,80.3,12.6,14.7,4.6,5.0
2017,Nordeste,Total,Municipal,90.2,88.1,8.2,9.9,1.6,2.0
2017,Nordeste,Urbana,Municipal,90.4,88.7,8.0,9.3,1.6,2.0
2017,Nordeste,Rural,Municipal,89.8,86.9,8.6,11.0,1.6,2.1
2017,Nordeste,Total,Privada,98.2,98.1,1.5,1.7,0.3,0.2
2017,Nordeste,Urbana,Privada,98.2,98.2,1.5,1.7,0.3,0.1
2017,Nordeste,Rural,Privada,96.5,96.6,3.1,3.1,0.4,0.3
2017,Nordeste,Total,Pública,90.1,88.0,8.3,10.0,1.6,2.0
2017,Nordeste,Urbana,Pública,90.3,88.6,8.1,9.4,1.6,2.0
2017,Nordeste,Rural,Pública,89.7,86.8,8.7,11.1,1.6,2.1
2017,Sudeste,Total,Total,96.6,97.0,3.1,2.6,0.3,0.4
2017,Sudeste,Urbana,Total,96.7,97.1,3.0,2.5,0.3,0.4
2017,Sudeste,Rural,Total,94.7,95.6,5.0,4.1,0.3,0.3
2017,Sudeste,Total,Federal,97.1,97.2,2.9,2.8,0.0,0.0
2017,Sudeste,Urbana,Federal,97.1,97.2,2.9,2.8,0.0,0.0
2017,Sudeste,Rural,Federal,0.0,0.0,0.0,0.0,0.0,0.0
2017,Sudeste,Total,Estadual,98.7,99.1,1.0,0.6,0.3,0.3
2017,Sudeste,Urbana,Estadual,98.7,99.1,0.9,0.5,0.4,0.4
2017,Sudeste,Rural,Estadual,98.5,98.6,1.2,1.1,0.3,0.3
2017,Sudeste,Total,Municipal,95.3,95.9,4.3,3.7,0.4,0.4
2017,Sudeste,Urbana,Municipal,95.4,95.9,4.2,3.6,0.4,0.5
2017,Sudeste,Rural,Municipal,94.3,95.2,5.4,4.5,0.3,0.3
2017,Sudeste,Total,Privada,98.6,98.7,1.3,1.2,0.1,0.1
2017,Sudeste,Urbana,Privada,98.6,98.7,1.3,1.2,0.1,0.1
2017,Sudeste,Rural,Privada,96.8,98.4,3.1,1.6,0.1,0.0
2017,Sudeste,Total,Pública,96.1,96.6,3.6,2.9,0.3,0.5
2017,Sudeste,Urbana,Pública,96.2,96.7,3.5,2.8,0.3,0.5
2017,Sudeste,Rural,Pública,94.7,95.5,5.0,4.1,0.3,0.4
2017,Sul,Total,Total,94.7,94.6,5.1,5.0,0.2,0.4
2017,Sul,Urbana,Total,94.7,94.7,5.0,5.0,0.3,0.3
2017,Sul,Rural,Total,94.1,93.9,5.6,5.8,0.3,0.3
2017,Sul,Total,Federal,95.7,93.8,3.6,5.2,0.7,1.0
2017,Sul,Urbana,Federal,95.7,93.8,3.6,5.2,0.7,1.0
2017,Sul,Rural,Federal,0.0,0.0,0.0,0.0,0.0,0.0
2017,Sul,Total,Estadual,92.6,90.6,7.0,8.9,0.4,0.5
2017,Sul,Urbana,Estadual,92.7,90.7,7.0,8.9,0.3,0.4
2017,Sul,Rural,Estadual,92.4,90.3,7.1,9.1,0.5,0.6
2017,Sul,Total,Municipal,94.3,95.0,5.4,4.7,0.3,0.3
2017,Sul,Urbana,Municipal,94.3,95.0,5.4,4.6,0.3,0.4
2017,Sul,Rural,Municipal,94.5,94.7,5.3,5.0,0.2,0.3
2017,Sul,Total,Privada,99.0,99.0,1.0,1.0,0.0,0.0
2017,Sul,Urbana,Privada,99.0,99.0,1.0,1.0,0.0,0.0
2017,Sul,Rural,Privada,96.8,99.0,3.2,1.0,0.0,0.0
2017,Sul,Total,Pública,94.0,94.0,5.8,5.6,0.2,0.4
2017,Sul,Urbana,Pública,94.0,94.0,5.8,5.6,0.2,0.4
2017,Sul,Rural,Pública,94.1,93.8,5.6,5.8,0.3,0.4
2017,Centro-Oeste,Total,Total,95.5,95.7,4.1,3.8,0.4,0.5
2017,Centro-Oeste,Urbana,Total,95.7,95.9,4.0,3.7,0.3,0.4
2017,Centro-Oeste,Rural,Total,93.2,93.0,5.9,5.9,0.9,1.1
2017,Centro-Oeste,Total,Federal,95.3,89.8,4.7,10.2,0.0,0.0
2017,Centro-Oeste,Urbana,Federal,95.3,89.8,4.7,10.2,0.0,0.0
2017,Centro-Oeste,Rural,Federal,0.0,0.0,0.0,0.0,0.0,0.0
2017,Centro-Oeste,Total,Estadual,94.8,95.0,4.9,4.6,0.3,0.4
2017,Centro-Oeste,Urbana,Estadual,94.8,95.1,4.9,4.6,0.3,0.3
2017,Centro-Oeste,Rural,Estadual,95.0,93.9,4.6,5.6,0.4,0.5
2017,Centro-Oeste,Total,Municipal,94.6,95.1,4.9,4.3,0.5,0.6
2017,Centro-Oeste,Urbana,Municipal,94.9,95.4,4.7,4.1,0.4,0.5
2017,Centro-Oeste,Rural,Municipal,92.5,92.7,6.4,6.1,1.1,1.2
2017,Centro-Oeste,Total,Privada,99.2,99.0,0.7,1.0,0.1,0.0
2017,Centro-Oeste,Urbana,Privada,99.2,99.0,0.7,1.0,0.1,0.0
2017,Centro-Oeste,Rural,Privada,98.4,95.0,1.6,5.0,0.0,0.0
2017,Centro-Oeste,Total,Pública,94.7,95.0,4.9,4.4,0.4,0.6
2017,Centro-Oeste,Urbana,Pública,94.9,95.3,4.8,4.2,0.3,0.5
2017,Centro-Oeste,Rural,Pública,93.1,93.0,5.9,5.9,1.0,1.1
2016,Brasil,Total,Total,93.2,92.0,5.9,6.8,0.9,1.2
2016,Brasil,Rural,Total,88.3,85.0,9.7,12.4,2.0,2.6
2016,Brasil,Urbana,Total,94.1,93.4,5.1,5.7,0.8,0.9
2016,Brasil,Total,Estadual,95.0,93.8,4.3,5.3,0.7,0.9
2016,Brasil,Total,Federal,96.5,96.0,3.4,3.9,0.1,0.1
2016,Brasil,Total,Municipal,91.5,90.1,7.3,8.3,1.2,1.6
2016,Brasil,Total,Privada,98.3,98.3,1.5,1.6,0.2,0.1
2016,Brasil,Rural,Estadual,90.6,88.1,7.4,9.3,2.0,2.6
2016,Brasil,Urbana,Estadual,95.3,94.2,4.0,5.0,0.7,0.8
2016,Brasil,Rural,Federal,93.6,86.7,6.4,13.3,0.0,0.0
2016,Brasil,Urbana,Federal,96.5,96.1,3.4,3.8,0.1,0.1
2016,Brasil,Rural,Municipal,88.1,84.7,9.9,12.7,2.0,2.6
2016,Brasil,Urbana,Municipal,92.4,91.7,6.6,7.1,1.0,1.2
2016,Brasil,Rural,Privada,96.0,96.3,3.6,3.3,0.4,0.4
2016,Brasil,Urbana,Privada,98.3,98.3,1.5,1.6,0.2,0.1
2016,Brasil,Total,Pública,92.1,90.8,6.8,7.8,1.1,1.4
2016,Brasil,Rural,Pública,88.3,84.9,9.8,12.5,1.9,2.6
2016,Brasil,Urbana,Pública,93.0,92.3,6.1,6.6,0.9,1.1
2016,Norte,Total,Total,88.7,85.3,9.2,12.0,2.1,2.7
2016,Norte,Rural,Total,83.0,77.3,13.3,18.1,3.7,4.6
2016,Norte,Urbana,Total,91.2,89.0,7.3,9.2,1.5,1.8
2016,Norte,Total,Estadual,91.2,88.9,7.0,9.1,1.8,2.0
2016,Norte,Total,Federal,95.9,93.0,4.1,7.0,0.0,0.0
2016,Norte,Total,Municipal,87.1,83.0,10.6,13.9,2.3,3.1
2016,Norte,Total,Privada,98.6,98.6,1.1,1.3,0.3,0.1
2016,Norte,Rural,Estadual,87.4,83.8,9.5,12.2,3.1,4.0
2016,Norte,Urbana,Estadual,91.9,89.7,6.5,8.5,1.6,1.8
2016,Norte,Rural,Federal,0.0,0.0,0.0,0.0,0.0,0.0
2016,Norte,Urbana,Federal,95.9,93.0,4.1,7.0,0.0,0.0
2016,Norte,Rural,Municipal,82.6,76.6,13.7,18.7,3.7,4.7
2016,Norte,Urbana,Municipal,89.7,87.2,8.7,10.8,1.6,2.0
2016,Norte,Rural,Privada,90.9,92.3,8.3,6.8,0.8,0.9
2016,Norte,Urbana,Privada,98.7,98.6,1.1,1.2,0.2,0.2
2016,Norte,Total,Pública,87.8,84.2,10.0,12.9,2.2,2.9
2016,Norte,Rural,Pública,83.0,77.2,13.4,18.1,3.6,4.7
2016,Norte,Urbana,Pública,90.2,87.9,8.2,10.2,1.6,1.9
2016,Nordeste,Total,Total,90.2,87.6,8.1,10.3,1.7,2.1
2016,Nordeste,Rural,Total,88.1,84.5,9.9,13.0,2.0,2.5
2016,Nordeste,Urbana,Total,91.1,88.8,7.3,9.2,1.6,2.0
2016,Nordeste,Total,Estadual,85.7,82.7,11.1,13.7,3.2,3.6
2016,Nordeste,Total,Federal,97.3,92.2,2.7,7.8,0.0,0.0
2016,Nordeste,Total,Municipal,88.4,85.6,9.6,11.9,2.0,2.5
2016,Nordeste,Total,Privada,97.9,97.8,1.8,2.0,0.3,0.2
2016,Nordeste,Rural,Estadual,82.7,78.9,12.5,15.1,4.8,6.0
2016,Nordeste,Urbana,Estadual,86.4,83.4,10.8,13.5,2.8,3.1
2016,Nordeste,Rural,Federal,93.6,86.7,6.4,13.3,0.0,0.0
2016,Nordeste,Urbana,Federal,97.9,93.9,2.1,6.1,0.0,0.0
2016,Nordeste,Rural,Municipal,88.2,84.5,9.9,13.0,1.9,2.5
2016,Nordeste,Urbana,Municipal,88.6,86.3,9.4,11.3,2.0,2.4
2016,Nordeste,Rural,Privada,96.1,96.5,3.3,3.0,0.6,0.5
2016,Nordeste,Urbana,Privada,97.9,97.9,1.8,1.9,0.3,0.2
2016,Nordeste,Total,Pública,88.3,85.5,9.6,12.0,2.1,2.5
2016,Nordeste,Rural,Pública,88.1,84.4,10.0,13.1,1.9,2.5
2016,Nordeste,Urbana,Pública,88.5,86.1,9.5,11.4,2.0,2.5
2016,Sudeste,Total,Total,96.2,96.6,3.5,3.0,0.3,0.4
2016,Sudeste,Rural,Total,94.3,94.8,5.3,4.7,0.4,0.5
2016,Sudeste,Urbana,Total,96.3,96.7,3.4,3.0,0.3,0.3
2016,Sudeste,Total,Estadual,98.4,98.8,1.3,0.9,0.3,0.3
2016,Sudeste,Total,Federal,96.7,97.0,3.2,3.0,0.1,0.0
2016,Sudeste,Total,Municipal,94.8,95.3,4.7,4.2,0.5,0.5
2016,Sudeste,Total,Privada,98.4,98.4,1.5,1.5,0.1,0.1
2016,Sudeste,Rural,Estadual,98.0,97.9,1.7,1.6,0.3,0.5
2016,Sudeste,Urbana,Estadual,98.4,98.8,1.3,0.8,0.3,0.4
2016,Sudeste,Rural,Federal,0.0,0.0,0.0,0.0,0.0,0.0
2016,Sudeste,Urbana,Federal,96.7,97.0,3.2,3.0,0.1,0.0
2016,Sudeste,Rural,Municipal,93.9,94.4,5.7,5.1,0.4,0.5
2016,Sudeste,Urbana,Municipal,94.9,95.4,4.7,4.1,0.4,0.5
2016,Sudeste,Rural,Privada,97.0,97.5,2.9,2.5,0.1,0.0
2016,Sudeste,Urbana,Privada,98.4,98.4,1.5,1.5,0.1,0.1
2016,Sudeste,Total,Pública,95.6,96.1,4.0,3.4,0.4,0.5
2016,Sudeste,Rural,Pública,94.3,94.8,5.4,4.8,0.3,0.4
2016,Sudeste,Urbana,Pública,95.7,96.2,3.9,3.3,0.4,0.5
2016,Sul,Total,Total,94.4,94.3,5.4,5.4,0.2,0.3
2016,Sul,Rural,Total,93.8,93.6,5.9,6.0,0.3,0.4
2016,Sul,Urbana,Total,94.5,94.4,5.3,5.3,0.2,0.3
2016,Sul,Total,Estadual,92.7,90.4,7.0,9.2,0.3,0.4
2016,Sul,Total,Federal,97.2,99.2,2.8,0.8,0.0,0.0
2016,Sul,Total,Municipal,94.0,94.7,5.8,5.0,0.2,0.3
2016,Sul,Total,Privada,98.9,98.9,1.1,1.1,0.0,0.0
2016,Sul,Rural,Estadual,92.7,90.0,6.8,9.3,0.5,0.7
2016,Sul,Urbana,Estadual,92.7,90.4,7.0,9.2,0.3,0.4
2016,Sul,Rural,Federal,0.0,0.0,0.0,0.0,0.0,0.0
2016,Sul,Urbana,Federal,97.2,99.2,2.8,0.8,0.0,0.0
2016,Sul,Rural,Municipal,94.1,94.5,5.7,5.2,0.2,0.3
2016,Sul,Urbana,Municipal,93.9,94.7,5.8,4.9,0.3,0.4
2016,Sul,Rural,Privada,95.3,91.6,4.3,6.3,0.4,2.1
2016,Sul,Urbana,Privada,98.9,98.9,1.1,1.1,0.0,0.0
2016,Sul,Total,Pública,93.7,93.6,6.1,6.0,0.2,0.4
2016,Sul,Rural,Pública,93.8,93.6,5.9,6.0,0.3,0.4
2016,Sul,Urbana,Pública,93.7,93.6,6.1,6.0,0.2,0.4
2016,Centro-Oeste,Total,Total,94.7,94.8,4.9,4.6,0.4,0.6
2016,Centro-Oeste,Rural,Total,92.2,91.9,6.9,6.8,0.9,1.3
2016,Centro-Oeste,Urbana,Total,95.0,95.1,4.7,4.4,0.3,0.5
2016,Centro-Oeste,Total,Estadual,94.0,93.8,5.7,5.6,0.3,0.6
2016,Centro-Oeste,Total,Federal,93.0,88.3,6.6,10.0,0.4,1.7
2016,Centro-Oeste,Total,Municipal,93.7,94.2,5.8,5.1,0.5,0.7
2016,Centro-Oeste,Total,Privada,99.1,98.8,0.8,1.2,0.1,0.0
2016,Centro-Oeste,Rural,Estadual,94.4,93.6,5.1,5.6,0.5,0.8
2016,Centro-Oeste,Urbana,Estadual,93.9,93.9,5.8,5.6,0.3,0.5
2016,Centro-Oeste,Rural,Federal,0.0,0.0,0.0,0.0,0.0,0.0
2016,Centro-Oeste,Urbana,Federal,93.0,88.3,6.6,10.0,0.4,1.7
2016,Centro-Oeste,Rural,Municipal,91.4,91.2,7.5,7.3,1.1,1.5
2016,Centro-Oeste,Urbana,Municipal,94.0,94.5,5.5,4.8,0.5,0.7
2016,Centro-Oeste,Rural,Privada,96.9,95.8,2.3,4.2,0.8,0.0
2016,Centro-Oeste,Urbana,Privada,99.1,98.8,0.8,1.2,0.1,0.0
2016,Centro-Oeste,Total,Pública,93.8,94.0,5.7,5.3,0.5,0.7
2016,Centro-Oeste,Rural,Pública,92.2,91.8,6.9,6.9,0.9,1.3
2016,Centro-Oeste,Urbana,Pública,94.0,94.3,5.6,5.1,0.4,0.6
2015,Brasil,Total,Total,93.2,92.1,5.8,6.7,1.0,1.2
2015,Brasil,Total,Pública,92.2,91.0,6.7,7.6,1.1,1.4
2015,Brasil,Total,Federal,96.2,96.4,3.8,3.6,0.0,0.0
2015,Brasil,Total,Estadual,94.8,93.6,4.5,5.5,0.7,0.9
2015,Brasil,Total,Municipal,91.6,90.3,7.1,8.1,1.3,1.6
2015,Brasil,Total,Particular,98.1,98.1,1.7,1.8,0.2,0.1
2015,Brasil,Urbana,Total,94.1,93.4,5.1,5.6,0.8,1.0
2015,Brasil,Urbana,Pública,93.1,92.4,6.0,6.5,0.9,1.1
2015,Brasil,Urbana,Federal,96.2,96.4,3.8,3.5,0.0,0.1
2015,Brasil,Urbana,Estadual,95.2,94.0,4.2,5.2,0.6,0.8
2015,Brasil,Urbana,Municipal,92.5,91.9,6.5,6.9,1.0,1.2
2015,Brasil,Urbana,Particular,98.1,98.1,1.7,1.8,0.2,0.1
2015,Brasil,Rural,Total,88.7,85.4,9.3,12.0,2.0,2.6
2015,Brasil,Rural,Pública,88.6,85.3,9.4,12.0,2.0,2.7
2015,Brasil,Rural,Federal,98.1,90.9,1.9,9.1,0.0,0.0
2015,Brasil,Rural,Estadual,90.0,87.3,7.7,9.9,2.3,2.8
2015,Brasil,Rural,Municipal,88.5,85.2,9.5,12.2,2.0,2.6
2015,Brasil,Rural,Particular,95.7,95.7,3.8,3.7,0.5,0.6
2015,Norte,Total,Total,88.9,85.6,8.8,11.7,2.3,2.7
2015,Norte,Total,Pública,88.1,84.6,9.5,12.4,2.4,3.0
2015,Norte,Total,Federal,96.4,97.3,3.5,2.7,0.1,0.0
2015,Norte,Total,Estadual,90.6,88.3,7.3,9.4,2.1,2.3
2015,Norte,Total,Municipal,87.5,83.5,10.0,13.3,2.5,3.2
2015,Norte,Total,Particular,98.3,98.1,1.4,1.8,0.3,0.1
2015,Norte,Urbana,Total,91.3,89.3,7.1,8.9,1.6,1.8
2015,Norte,Urbana,Pública,90.4,88.3,7.9,9.7,1.7,2.0
2015,Norte,Urbana,Federal,96.4,97.3,3.5,2.7,0.1,0.0
2015,Norte,Urbana,Estadual,91.4,89.4,6.8,8.8,1.8,1.8
2015,Norte,Urbana,Municipal,90.1,87.8,8.2,10.2,1.7,2.0
2015,Norte,Urbana,Particular,98.4,98.2,1.3,1.7,0.3,0.1
2015,Norte,Rural,Total,83.6,77.6,12.6,17.5,3.8,4.9
2015,Norte,Rural,Pública,83.5,77.6,12.6,17.5,3.9,4.9
2015,Norte,Rural,Federal,0.0,0.0,0.0,0.0,0.0,0.0
2015,Norte,Rural,Estadual,85.8,81.9,10.2,13.1,4.0,5.0
2015,Norte,Rural,Municipal,83.3,77.1,12.8,18.0,3.9,4.9
2015,Norte,Rural,Particular,89.6,88.9,9.3,9.0,1.1,2.1
2015,Nordeste,Total,Total,90.3,87.8,8.0,10.1,1.7,2.1
2015,Nordeste,Total,Pública,88.6,85.9,9.4,11.6,2.0,2.5
2015,Nordeste,Total,Federal,99.0,97.3,0.7,1.3,0.3,1.4
2015,Nordeste,Total,Estadual,85.5,82.9,11.4,13.8,3.1,3.3
2015,Nordeste,Total,Municipal,88.7,86.1,9.3,11.5,2.0,2.4
2015,Nordeste,Total,Particular,97.6,97.6,2.0,2.2,0.4,0.2
2015,Nordeste,Urbana,Total,91.0,88.9,7.3,9.1,1.7,2.0
2015,Nordeste,Urbana,Pública,88.7,86.4,9.2,11.1,2.1,2.5
2015,Nordeste,Urbana,Federal,99.2,98.4,0.4,0.0,0.4,1.6
2015,Nordeste,Urbana,Estadual,86.1,83.6,11.1,13.4,2.8,3.0
2015,Nordeste,Urbana,Municipal,88.8,86.6,9.1,10.9,2.1,2.5
2015,Nordeste,Urbana,Particular,97.6,97.6,2.0,2.1,0.4,0.3
2015,Nordeste,Rural,Total,88.4,85.1,9.6,12.4,2.0,2.5
2015,Nordeste,Rural,Pública,88.4,85.0,9.7,12.5,1.9,2.5
2015,Nordeste,Rural,Federal,98.1,90.9,1.9,9.1,0.0,0.0
2015,Nordeste,Rural,Estadual,82.6,78.4,12.7,16.1,4.7,5.5
2015,Nordeste,Rural,Municipal,88.5,85.1,9.6,12.4,1.9,2.5
2015,Nordeste,Rural,Particular,96.2,96.1,3.2,3.1,0.6,0.8
2015,Sudeste,Total,Total,96.1,96.5,3.5,3.1,0.4,0.4
2015,Sudeste,Total,Pública,95.6,96.1,4.0,3.4,0.4,0.5
2015,Sudeste,Total,Federal,96.1,95.7,3.9,4.3,0.0,0.0
2015,Sudeste,Total,Estadual,98.5,98.7,1.3,0.9,0.2,0.4
2015,Sudeste,Total,Municipal,94.7,95.2,4.8,4.2,0.5,0.6
2015,Sudeste,Total,Particular,98.1,98.2,1.8,1.8,0.1,0.0
2015,Sudeste,Urbana,Total,96.2,96.6,3.4,3.0,0.4,0.4
2015,Sudeste,Urbana,Pública,95.7,96.2,3.9,3.3,0.4,0.5
2015,Sudeste,Urbana,Federal,96.1,95.7,3.9,4.3,0.0,0.0
2015,Sudeste,Urbana,Estadual,98.5,98.8,1.2,0.9,0.3,0.3
2015,Sudeste,Urbana,Municipal,94.8,95.3,4.7,4.2,0.5,0.5
2015,Sudeste,Urbana,Particular,98.1,98.2,1.8,1.8,0.1,0.0
2015,Sudeste,Rural,Total,94.4,94.9,5.2,4.6,0.4,0.5
2015,Sudeste,Rural,Pública,94.4,94.8,5.2,4.7,0.4,0.5
2015,Sudeste,Rural,Federal,0.0,0.0,0.0,0.0,0.0,0.0
2015,Sudeste,Rural,Estadual,97.6,97.0,2.0,2.5,0.4,0.5
2015,Sudeste,Rural,Municipal,94.0,94.6,5.6,4.9,0.4,0.5
2015,Sudeste,Rural,Particular,96.4,97.2,3.5,2.7,0.1,0.1
2015,Sul,Total,Total,94.5,94.1,5.3,5.5,0.2,0.4
2015,Sul,Total,Pública,93.8,93.5,5.9,6.0,0.3,0.5
2015,Sul,Total,Federal,96.9,99.0,2.9,1.0,0.2,0.0
2015,Sul,Total,Estadual,92.5,90.0,7.2,9.5,0.3,0.5
2015,Sul,Total,Municipal,94.2,94.7,5.5,4.9,0.3,0.4
2015,Sul,Total,Particular,98.7,98.7,1.3,1.3,0.0,0.0
2015,Sul,Urbana,Total,94.5,94.2,5.2,5.5,0.3,0.3
2015,Sul,Urbana,Pública,93.8,93.5,5.9,6.1,0.3,0.4
2015,Sul,Urbana,Federal,96.9,99.0,2.9,1.0,0.2,0.0
2015,Sul,Urbana,Estadual,92.4,90.0,7.3,9.6,0.3,0.4
2015,Sul,Urbana,Municipal,94.2,94.7,5.5,4.9,0.3,0.4
2015,Sul,Urbana,Particular,98.7,98.7,1.3,1.3,0.0,0.0
2015,Sul,Rural,Total,94.2,93.9,5.5,5.7,0.3,0.4
2015,Sul,Rural,Pública,94.2,93.9,5.5,5.7,0.3,0.4
2015,Sul,Rural,Federal,0.0,0.0,0.0,0.0,0.0,0.0
2015,Sul,Rural,Estadual,92.9,90.7,6.5,8.5,0.6,0.8
2015,Sul,Rural,Municipal,94.5,94.8,5.3,4.9,0.2,0.3
2015,Sul,Rural,Particular,96.4,95.6,3.4,4.4,0.2,0.0
2015,Centro-Oeste,Total,Total,94.8,95.0,4.7,4.4,0.5,0.6
2015,Centro-Oeste,Total,Pública,93.9,94.2,5.5,5.1,0.6,0.7
2015,Centro-Oeste,Total,Federal,92.3,98.4,7.7,1.6,0.0,0.0
2015,Centro-Oeste,Total,Estadual,93.9,93.8,5.7,5.7,0.4,0.5
2015,Centro-Oeste,Total,Municipal,93.9,94.5,5.5,4.8,0.6,0.7
2015,Centro-Oeste,Total,Particular,99.0,98.8,0.9,1.1,0.1,0.1
2015,Centro-Oeste,Urbana,Total,95.1,95.3,4.5,4.2,0.4,0.5
2015,Centro-Oeste,Urbana,Pública,94.1,94.5,5.4,4.9,0.5,0.6
2015,Centro-Oeste,Urbana,Federal,92.3,98.4,7.7,1.6,0.0,0.0
2015,Centro-Oeste,Urbana,Estadual,93.9,93.9,5.7,5.7,0.4,0.4
2015,Centro-Oeste,Urbana,Municipal,94.2,94.8,5.2,4.5,0.6,0.7
2015,Centro-Oeste,Urbana,Particular,99.0,98.9,0.8,1.1,0.2,0.0
2015,Centro-Oeste,Rural,Total,92.1,92.1,6.9,6.7,1.0,1.2
2015,Centro-Oeste,Rural,Pública,92.1,92.0,6.9,6.7,1.0,1.3
2015,Centro-Oeste,Rural,Federal,0.0,0.0,0.0,0.0,0.0,0.0
2015,Centro-Oeste,Rural,Estadual,94.2,93.2,5.3,6.0,0.5,0.8
2015,Centro-Oeste,Rural,Municipal,91.4,91.6,7.4,6.9,1.2,1.5
2015,Centro-Oeste,Rural,Particular,96.6,95.9,2.6,4.1,0.8,0.0
2014,Brasil,Total,Total,92.7,91.7,6.2,7.0,1.1,1.3
2014,Brasil,Total,Publico,91.7,90.6,7.0,7.9,1.3,1.5
2014,Brasil,Total,Particular,97.9,97.9,1.9,2.0,0.2,0.1
2014,Brasil,Total,Municipal,91.1,89.8,7.6,8.5,1.3,1.7
2014,Brasil,Total,Federal,96.4,96.4,3.5,3.6,0.1,0.0
2014,Brasil,Total,Estadual,94.6,93.5,4.6,5.5,0.8,1.0
2014,Brasil,Rural,Total,88.5,85.4,9.4,11.9,2.1,2.7
2014,Brasil,Rural,Publico,88.4,85.4,9.4,11.9,2.2,2.7
2014,Brasil,Rural,Particular,95.0,95.0,4.7,4.6,0.3,0.4
2014,Brasil,Rural,Municipal,88.3,85.2,9.5,12.1,2.2,2.7
2014,Brasil,Rural,Federal,96.7,92.3,3.3,7.7,0.0,0.0
2014,Brasil,Rural,Estadual,90.0,88.4,7.9,9.2,2.1,2.4
2014,Brasil,Urbana,Total,93.6,93.0,5.5,6.0,0.9,1.0
2014,Brasil,Urbana,Publico,92.5,91.9,6.4,6.9,1.1,1.2
2014,Brasil,Urbana,Particular,97.9,97.9,1.9,2.0,0.2,0.1
2014,Brasil,Urbana,Municipal,91.9,91.2,7.0,7.3,1.1,1.5
2014,Brasil,Urbana,Federal,96.4,96.4,3.5,3.5,0.1,0.1
2014,Brasil,Urbana,Estadual,95.0,93.9,4.3,5.2,0.7,0.9
2014,Norte,Total,Total,88.7,85.3,8.9,11.7,2.4,3.0
2014,Norte,Total,Publico,87.9,84.4,9.5,12.5,2.6,3.1
2014,Norte,Total,Particular,98.3,98.2,1.4,1.7,0.3,0.1
2014,Norte,Total,Municipal,87.4,83.4,9.9,13.2,2.7,3.4
2014,Norte,Total,Federal,95.4,94.1,4.3,5.9,0.3,0.0
2014,Norte,Total,Estadual,90.1,87.4,7.9,10.3,2.0,2.3
2014,Norte,Rural,Total,84.0,78.9,12.0,16.2,4.0,4.9
2014,Norte,Rural,Publico,84.0,78.9,12.0,16.2,4.0,4.9
2014,Norte,Rural,Particular,89.0,87.7,10.2,11.8,0.8,0.5
2014,Norte,Rural,Municipal,83.9,78.5,12.1,16.6,4.0,4.9
2014,Norte,Rural,Federal,0.0,0.0,0.0,0.0,0.0,0.0
2014,Norte,Rural,Estadual,85.2,82.8,11.1,13.0,3.7,4.2
2014,Norte,Urbana,Total,90.9,88.4,7.4,9.6,1.7,2.0
2014,Norte,Urbana,Publico,89.9,87.2,8.2,10.6,1.9,2.2
2014,Norte,Urbana,Particular,98.4,98.3,1.3,1.5,0.3,0.2
2014,Norte,Urbana,Municipal,89.6,86.8,8.5,10.8,1.9,2.4
2014,Norte,Urbana,Federal,95.4,94.1,4.3,5.9,0.3,0.0
2014,Norte,Urbana,Estadual,91.0,88.2,7.3,9.9,1.7,1.9
2014,Nordeste,Total,Total,89.6,86.8,8.5,10.8,1.9,2.4
2014,Nordeste,Total,Publico,87.8,84.9,9.9,12.3,2.3,2.8
2014,Nordeste,Total,Particular,97.3,97.3,2.2,2.4,0.5,0.3
2014,Nordeste,Total,Municipal,87.9,85.0,9.8,12.3,2.3,2.7
2014,Nordeste,Total,Federal,98.8,98.8,0.8,1.2,0.4,0.0
2014,Nordeste,Total,Estadual,85.5,83.3,11.5,13.4,3.0,3.3
2014,Nordeste,Rural,Total,88.0,84.3,9.9,13.0,2.1,2.7
2014,Nordeste,Rural,Publico,88.0,84.2,9.9,13.1,2.1,2.7
2014,Nordeste,Rural,Particular,95.2,94.8,4.4,4.7,0.4,0.5
2014,Nordeste,Rural,Municipal,88.1,84.4,9.8,13.0,2.1,2.6
2014,Nordeste,Rural,Federal,96.7,92.3,3.3,7.7,0.0,0.0
2014,Nordeste,Rural,Estadual,82.0,78.1,13.9,17.1,4.1,4.8
2014,Nordeste,Urbana,Total,90.2,87.9,7.9,9.8,1.9,2.3
2014,Nordeste,Urbana,Publico,87.7,85.2,9.9,11.9,2.4,2.9
2014,Nordeste,Urbana,Particular,97.4,97.3,2.2,2.4,0.4,0.3
2014,Nordeste,Urbana,Municipal,87.8,85.3,9.8,11.9,2.4,2.8
2014,Nordeste,Urbana,Federal,99.5,100.0,0.0,0.0,0.5,0.0
2014,Nordeste,Urbana,Estadual,86.2,84.1,11.0,12.8,2.8,3.1
2014,Sudeste,Total,Total,95.7,96.2,3.9,3.4,0.4,0.4
2014,Sudeste,Total,Publico,95.2,95.8,4.4,3.7,0.4,0.5
2014,Sudeste,Total,Particular,97.9,98.0,2.0,1.9,0.1,0.1
2014,Sudeste,Total,Municipal,94.2,94.8,5.3,4.6,0.5,0.6
2014,Sudeste,Total,Federal,96.6,97.2,3.3,2.7,0.1,0.1
2014,Sudeste,Total,Estadual,98.4,98.6,1.3,1.0,0.3,0.4
2014,Sudeste,Rural,Total,94.0,94.9,5.6,4.5,0.4,0.6
2014,Sudeste,Rural,Publico,94.0,94.9,5.6,4.6,0.4,0.5
2014,Sudeste,Rural,Particular,95.7,96.8,4.2,3.0,0.1,0.2
2014,Sudeste,Rural,Municipal,93.6,94.6,6.0,4.9,0.4,0.5
2014,Sudeste,Rural,Federal,0.0,0.0,0.0,0.0,0.0,0.0
2014,Sudeste,Rural,Estadual,97.9,97.8,1.7,1.8,0.4,0.4
2014,Sudeste,Urbana,Total,95.8,96.3,3.8,3.3,0.4,0.4
2014,Sudeste,Urbana,Publico,95.3,95.8,4.3,3.6,0.4,0.6
2014,Sudeste,Urbana,Particular,97.9,98.0,2.0,2.0,0.1,0.0
2014,Sudeste,Urbana,Municipal,94.2,94.9,5.2,4.5,0.6,0.6
2014,Sudeste,Urbana,Federal,96.6,97.2,3.3,2.7,0.1,0.1
2014,Sudeste,Urbana,Estadual,98.4,98.6,1.3,1.0,0.3,0.4
2014,Sul,Total,Total,94.3,94.3,5.4,5.3,0.3,0.4
2014,Sul,Total,Publico,93.7,93.8,6.0,5.8,0.3,0.4
2014,Sul,Total,Particular,98.5,98.4,1.5,1.6,0.0,0.0
2014,Sul,Total,Municipal,93.9,94.6,5.8,5.0,0.3,0.4
2014,Sul,Total,Federal,97.6,99.0,2.0,1.0,0.4,0.0
2014,Sul,Total,Estadual,93.0,91.3,6.6,8.1,0.4,0.6
2014,Sul,Rural,Total,94.3,94.3,5.3,5.2,0.4,0.5
2014,Sul,Rural,Publico,94.3,94.3,5.3,5.2,0.4,0.5
2014,Sul,Rural,Particular,97.0,94.2,2.4,4.8,0.6,1.0
2014,Sul,Rural,Municipal,94.5,94.5,5.3,5.1,0.2,0.4
2014,Sul,Rural,Federal,0.0,0.0,0.0,0.0,0.0,0.0
2014,Sul,Rural,Estadual,93.7,93.3,5.6,5.8,0.7,0.9
2014,Sul,Urbana,Total,94.3,94.3,5.4,5.3,0.3,0.4
2014,Sul,Urbana,Publico,93.6,93.7,6.1,5.8,0.3,0.5
2014,Sul,Urbana,Particular,98.5,98.4,1.5,1.6,0.0,0.0
2014,Sul,Urbana,Municipal,93.9,94.6,5.9,4.9,0.2,0.5
2014,Sul,Urbana,Federal,97.6,99.0,2.0,1.0,0.4,0.0
2014,Sul,Urbana,Estadual,92.9,91.1,6.7,8.4,0.4,0.5
2014,Centro-Oeste,Total,Total,94.3,94.7,5.1,4.6,0.6,0.7
2014,Centro-Oeste,Total,Publico,93.4,94.0,6.0,5.2,0.6,0.8
2014,Centro-Oeste,Total,Particular,98.8,98.6,1.0,1.3,0.2,0.1
2014,Centro-Oeste,Total,Municipal,93.3,94.1,6.0,5.0,0.7,0.9
2014,Centro-Oeste,Total,Federal,90.4,85.0,9.6,15.0,0.0,0.0
2014,Centro-Oeste,Total,Estadual,93.6,93.8,6.0,5.6,0.4,0.6
2014,Centro-Oeste,Rural,Total,91.6,92.1,7.2,6.5,1.2,1.4
2014,Centro-Oeste,Rural,Publico,91.5,92.0,7.3,6.5,1.2,1.5
2014,Centro-Oeste,Rural,Particular,98.0,100.0,2.0,0.0,0.0,0.0
2014,Centro-Oeste,Rural,Municipal,90.7,91.5,7.9,6.8,1.4,1.7
2014,Centro-Oeste,Rural,Federal,0.0,0.0,0.0,0.0,0.0,0.0
2014,Centro-Oeste,Rural,Estadual,94.1,93.7,5.4,5.6,0.5,0.7
2014,Centro-Oeste,Urbana,Total,94.6,95.0,4.9,4.4,0.5,0.6
2014,Centro-Oeste,Urbana,Publico,93.6,94.2,5.8,5.1,0.6,0.7
2014,Centro-Oeste,Urbana,Particular,98.9,98.6,1.0,1.3,0.1,0.1
2014,Centro-Oeste,Urbana,Municipal,93.6,94.4,5.7,4.7,0.7,0.9
2014,Centro-Oeste,Urbana,Federal,90.4,85.0,9.6,15.0,0.0,0.0
2014,Centro-Oeste,Urbana,Estadual,93.5,93.8,6.1,5.6,0.4,0.6
2013,Brasil,Total,Total,92.7,91.2,6.1,7.3,1.2,1.5
2013,Brasil,Total,Publico,91.8,90.1,6.9,8.2,1.3,1.7
2013,Brasil,Total,Privada,97.8,97.8,2.0,2.0,0.2,0.2
2013,Brasil,Total,Municipal,91.1,89.4,7.4,8.7,1.5,1.9
2013,Brasil,Total,Federal,95.4,95.6,4.4,4.1,0.2,0.3
2013,Brasil,Total,Estadual,94.7,92.6,4.4,6.2,0.9,1.2
2013,Brasil,Rural,Total,88.7,85.6,9.0,11.5,2.3,2.9
2013,Brasil,Rural,Publico,88.6,85.5,9.1,11.6,2.3,2.9
2013,Brasil,Rural,Privada,95.2,95.8,4.1,3.6,0.7,0.6
2013,Brasil,Rural,Municipal,88.5,85.3,9.2,11.8,2.3,2.9
2013,Brasil,Rural,Federal,90.4,91.7,7.7,8.3,1.9,0.0
2013,Brasil,Rural,Estadual,90.2,88.1,7.5,9.4,2.3,2.5
2013,Brasil,Urbana,Total,93.6,92.5,5.5,6.4,0.9,1.1
2013,Brasil,Urbana,Publico,92.6,91.3,6.3,7.3,1.1,1.4
2013,Brasil,Urbana,Privada,97.9,97.9,1.9,2.0,0.2,0.1
2013,Brasil,Urbana,Municipal,91.9,90.7,6.9,7.8,1.2,1.5
2013,Brasil,Urbana,Federal,95.5,95.7,4.4,4.1,0.1,0.2
2013,Brasil,Urbana,Estadual,95.0,92.9,4.2,5.9,0.8,1.2
2013,Norte, Total,Total,88.6,85.4,8.8,11.5,2.6,3.1
2013,Norte, Total,Publico,87.8,84.4,9.4,12.2,2.8,3.4
2013,Norte, Total,Privada,98.1,98.1,1.5,1.7,0.4,0.2
2013,Norte, Total,Municipal,87.0,83.6,10.0,12.8,3.0,3.6
2013,Norte, Total,Federal,95.3,91.6,4.7,8.4,0.0,0.0
2013,Norte, Total,Estadual,90.7,87.1,7.4,10.5,1.9,2.4
2013,Norte, Rural,Total,83.9,79.0,11.8,15.6,4.3,5.4
2013,Norte, Rural,Publico,83.8,79.0,11.8,15.6,4.4,5.4
2013,Norte, Rural,Privada,90.1,88.8,8.4,8.8,1.5,2.4
2013,Norte, Rural,Municipal,83.7,78.7,11.9,15.8,4.4,5.5
2013,Norte, Rural,Federal,0.0,0.0,0.0,0.0,0.0,0.0
2013,Norte, Rural,Estadual,85.4,81.5,10.9,14.1,3.7,4.4
2013,Norte, Urbana,Total,90.8,88.3,7.5,9.6,1.7,2.1
2013,Norte, Urbana,Publico,89.9,87.3,8.2,10.4,1.9,2.3
2013,Norte, Urbana,Privada,98.2,98.2,1.5,1.7,0.3,0.1
2013,Norte, Urbana,Municipal,89.2,86.9,8.7,10.7,2.1,2.4
2013,Norte, Urbana,Federal,95.3,91.6,4.7,8.4,0.0,0.0
2013,Norte, Urbana,Estadual,91.6,88.0,6.8,10.0,1.6,2.0
2013,Nordeste, Total,Total,89.6,86.7,8.3,10.8,2.1,2.5
2013,Nordeste, Total,Publico,88.0,84.8,9.6,12.3,2.4,2.9
2013,Nordeste, Total,Privada,97.3,97.2,2.3,2.5,0.4,0.3
2013,Nordeste, Total,Municipal,88.1,84.9,9.5,12.3,2.4,2.8
2013,Nordeste, Total,Federal,97.8,96.1,1.9,3.9,0.3,0.0
2013,Nordeste, Total,Estadual,85.7,83.9,10.9,12.3,3.4,3.8
2013,Nordeste, Rural,Total,88.4,84.5,9.4,12.7,2.2,2.8
2013,Nordeste, Rural,Publico,88.3,84.4,9.5,12.8,2.2,2.8
2013,Nordeste, Rural,Privada,95.0,95.6,4.2,3.9,0.8,0.5
2013,Nordeste, Rural,Municipal,88.4,84.5,9.4,12.7,2.2,2.8
2013,Nordeste, Rural,Federal,90.4,91.7,7.7,8.3,1.9,0.0
2013,Nordeste, Rural,Estadual,83.7,81.0,11.7,14.3,4.6,4.7
2013,Nordeste, Urbana,Total,90.2,87.7,7.8,9.9,2.0,2.4
2013,Nordeste, Urbana,Publico,87.8,85.0,9.6,12.0,2.6,3.0
2013,Nordeste, Urbana,Privada,97.3,97.2,2.3,2.5,0.4,0.3
2013,Nordeste, Urbana,Municipal,87.9,85.1,9.6,12.0,2.5,2.9
2013,Nordeste, Urbana,Federal,99.0,96.9,1.0,3.1,0.0,0.0
2013,Nordeste, Urbana,Estadual,86.1,84.3,10.8,12.1,3.1,3.6
2013,Sudeste, Total,Total,95.7,95.4,3.9,4.1,0.4,0.5
2013,Sudeste, Total,Publico,95.1,94.8,4.4,4.6,0.5,0.6
2013,Sudeste, Total,Privada,97.8,98.0,2.0,2.0,0.2,0.0
2013,Sudeste, Total,Municipal,94.1,94.1,5.4,5.3,0.5,0.6
2013,Sudeste, Total,Federal,95.2,96.5,4.6,3.1,0.2,0.4
2013,Sudeste, Total,Estadual,98.4,96.8,1.2,2.6,0.4,0.6
2013,Sudeste, Rural,Total,94.1,94.6,5.3,4.8,0.6,0.6
2013,Sudeste, Rural,Publico,94.1,94.6,5.3,4.8,0.6,0.6
2013,Sudeste, Rural,Privada,96.1,97.3,3.5,2.7,0.4,0.0
2013,Sudeste, Rural,Municipal,93.7,94.3,5.8,5.1,0.5,0.6
2013,Sudeste, Rural,Federal,0.0,0.0,0.0,0.0,0.0,0.0
2013,Sudeste, Rural,Estadual,97.8,96.8,1.7,2.6,0.5,0.6
2013,Sudeste, Urbana,Total,95.8,95.5,3.8,4.0,0.4,0.5
2013,Sudeste, Urbana,Publico,95.2,94.8,4.3,4.6,0.5,0.6
2013,Sudeste, Urbana,Privada,97.8,98.0,2.0,2.0,0.2,0.0
2013,Sudeste, Urbana,Municipal,94.2,94.1,5.3,5.3,0.5,0.6
2013,Sudeste, Urbana,Federal,95.2,96.5,4.6,3.1,0.2,0.4
2013,Sudeste, Urbana,Estadual,98.4,96.8,1.1,2.6,0.5,0.6
2013,Sul, Total,Total,94.4,94.0,5.4,5.6,0.2,0.4
2013,Sul, Total,Publico,93.8,93.5,5.9,6.1,0.3,0.4
2013,Sul, Total,Privada,98.5,98.4,1.4,1.5,0.1,0.1
2013,Sul, Total,Municipal,94.0,94.3,5.7,5.2,0.3,0.5
2013,Sul, Total,Federal,98.4,100.0,1.6,0.0,0.0,0.0
2013,Sul, Total,Estadual,93.1,91.0,6.5,8.4,0.4,0.6
2013,Sul, Rural,Total,94.1,94.0,5.5,5.5,0.4,0.5
2013,Sul, Rural,Publico,94.1,94.0,5.5,5.5,0.4,0.5
2013,Sul, Rural,Privada,97.2,97.7,1.9,0.0,0.9,2.3
2013,Sul, Rural,Municipal,94.3,94.6,5.4,5.1,0.3,0.3
2013,Sul, Rural,Federal,0.0,0.0,0.0,0.0,0.0,0.0
2013,Sul, Rural,Estadual,93.2,91.5,6.0,7.4,0.8,1.1
2013,Sul, Urbana,Total,94.4,94.0,5.3,5.6,0.3,0.4
2013,Sul, Urbana,Publico,93.7,93.4,6.0,6.1,0.3,0.5
2013,Sul, Urbana,Privada,98.5,98.4,1.4,1.5,0.1,0.1
2013,Sul, Urbana,Municipal,93.9,94.3,5.8,5.3,0.3,0.4
2013,Sul, Urbana,Federal,98.4,100.0,1.6,0.0,0.0,0.0
2013,Sul, Urbana,Estadual,93.1,90.9,6.5,8.5,0.4,0.6
2013,Centro-Oeste, Total,Total,94.7,95.3,4.7,4.0,0.6,0.7
2013,Centro-Oeste, Total,Publico,93.9,94.7,5.4,4.5,0.7,0.8
2013,Centro-Oeste, Total,Privada,98.9,98.8,1.0,1.2,0.1,0.0
2013,Centro-Oeste, Total,Municipal,93.7,94.5,5.5,4.6,0.8,0.9
2013,Centro-Oeste, Total,Federal,91.2,93.4,8.8,6.6,0.0,0.0
2013,Centro-Oeste, Total,Estadual,94.2,95.1,5.4,4.3,0.4,0.6
2013,Centro-Oeste, Rural,Total,92.0,92.8,6.7,5.6,1.3,1.6
2013,Centro-Oeste, Rural,Publico,91.9,92.7,6.8,5.6,1.3,1.7
2013,Centro-Oeste, Rural,Privada,98.0,97.5,1.7,2.5,0.3,0.0
2013,Centro-Oeste, Rural,Municipal,91.1,92.0,7.3,5.9,1.6,2.1
2013,Centro-Oeste, Rural,Federal,0.0,0.0,0.0,0.0,0.0,0.0
2013,Centro-Oeste, Rural,Estadual,94.5,94.8,5.0,4.7,0.5,0.5
2013,Centro-Oeste, Urbana,Total,95.0,95.6,4.5,3.8,0.5,0.6
2013,Centro-Oeste, Urbana,Publico,94.1,94.9,5.3,4.4,0.6,0.7
2013,Centro-Oeste, Urbana,Privada,98.9,98.8,1.0,1.1,0.1,0.1
2013,Centro-Oeste, Urbana,Municipal,94.1,94.8,5.2,4.4,0.7,0.8
2013,Centro-Oeste, Urbana,Federal,91.2,93.4,8.8,6.6,0.0,0.0
2013,Centro-Oeste, Urbana,Estadual,94.1,95.2,5.4,4.3,0.5,0.5
2012,Brasil,Total,Total,91.7,90.8,6.9,7.5,1.4,1.7
2012,Brasil,Total,Publico,90.6,89.7,7.7,8.4,1.7,1.9
2012,Brasil,Total,Privada,97.7,97.7,2.0,2.1,0.3,0.2
2012,Brasil,Total,Municipal,89.9,89.0,8.4,8.9,1.7,2.1
2012,Brasil,Total,Federal,95.7,96.0,4.3,3.9,0.0,0.1
2012,Brasil,Total,Estadual,93.9,92.2,4.9,6.5,1.2,1.3
2012,Brasil,Rural,Total,86.9,85.2,10.3,11.4,2.8,3.4
2012,Brasil,Rural,Publico,86.8,85.1,10.4,11.5,2.8,3.4
2012,Brasil,Rural,Privada,94.9,95.4,4.6,4.3,0.5,0.3
2012,Brasil,Rural,Municipal,86.6,84.9,10.5,11.7,2.9,3.4
2012,Brasil,Rural,Federal,93.9,100.0,3.0,0.0,3.1,0.0
2012,Brasil,Rural,Estadual,89.3,87.7,8.1,9.3,2.6,3.0
2012,Brasil,Urbana,Total,92.8,92.0,6.1,6.7,1.1,1.3
2012,Brasil,Urbana,Publico,91.7,90.9,7.0,7.6,1.3,1.5
2012,Brasil,Urbana,Privada,97.7,97.7,2.0,2.1,0.3,0.2
2012,Brasil,Urbana,Municipal,90.9,90.4,7.7,8.0,1.4,1.6
2012,Brasil,Urbana,Federal,95.7,96.0,4.3,3.9,0.0,0.1
2012,Brasil,Urbana,Estadual,94.3,92.5,4.7,6.3,1.0,1.2
2012,Norte,Total,Total,87.2,85.7,9.8,10.8,3.0,3.5
2012,Norte,Total,Publico,86.4,84.9,10.4,11.4,3.2,3.7
2012,Norte,Total,Privada,97.9,97.9,1.7,1.9,0.4,0.2
2012,Norte,Total,Municipal,85.5,84.1,11.0,11.8,3.5,4.1
2012,Norte,Total,Federal,95.3,91.3,4.6,8.3,0.1,0.4
2012,Norte,Total,Estadual,89.7,86.8,8.1,10.4,2.2,2.8
2012,Norte,Rural,Total,82.4,80.3,12.6,13.7,5.0,6.0
2012,Norte,Rural,Publico,82.4,80.3,12.6,13.7,5.0,6.0
2012,Norte,Rural,Privada,91.7,91.9,7.5,7.5,0.8,0.6
2012,Norte,Rural,Municipal,82.2,80.1,12.7,13.7,5.1,6.2
2012,Norte,Rural,Federal,0.0,0.0,0.0,0.0,0.0,0.0
2012,Norte,Rural,Estadual,84.4,82.0,11.5,13.4,4.1,4.6
2012,Norte,Urbana,Total,89.6,88.2,8.4,9.5,2.0,2.3
2012,Norte,Urbana,Publico,88.6,87.2,9.2,10.3,2.2,2.5
2012,Norte,Urbana,Privada,98.0,98.0,1.6,1.8,0.4,0.2
2012,Norte,Urbana,Municipal,87.8,86.9,9.9,10.5,2.3,2.6
2012,Norte,Urbana,Federal,95.3,91.3,4.6,8.3,0.1,0.4
2012,Norte,Urbana,Estadual,90.6,87.6,7.5,10.0,1.9,2.4
2012,Nordeste,Total,Total,88.0,85.7,9.4,11.3,2.6,3.0
2012,Nordeste,Total,Publico,86.3,83.8,10.8,12.7,2.9,3.5
2012,Nordeste,Total,Privada,97.1,97.0,2.5,2.7,0.4,0.3
2012,Nordeste,Total,Municipal,86.4,83.9,10.8,12.8,2.8,3.3
2012,Nordeste,Total,Federal,97.5,96.8,1.2,1.6,1.3,1.6
2012,Nordeste,Total,Estadual,84.9,83.4,11.1,12.4,4.0,4.2
2012,Nordeste,Rural,Total,86.1,83.4,11.0,13.0,2.9,3.6
2012,Nordeste,Rural,Publico,86.1,83.4,11.1,13.1,2.8,3.5
2012,Nordeste,Rural,Privada,94.6,95.0,4.8,4.6,0.6,0.4
2012,Nordeste,Rural,Municipal,86.1,83.5,11.1,13.0,2.8,3.5
2012,Nordeste,Rural,Federal,93.9,100.0,3.0,0.0,3.1,0.0
2012,Nordeste,Rural,Estadual,82.7,80.5,12.7,14.3,4.6,5.2
2012,Nordeste,Urbana,Total,88.9,86.8,8.7,10.5,2.4,2.7
2012,Nordeste,Urbana,Publico,86.4,84.1,10.6,12.5,3.0,3.4
2012,Nordeste,Urbana,Privada,97.1,97.1,2.4,2.6,0.5,0.3
2012,Nordeste,Urbana,Municipal,86.5,84.1,10.6,12.6,2.9,3.3
2012,Nordeste,Urbana,Federal,97.9,96.3,1.0,1.9,1.1,1.8
2012,Nordeste,Urbana,Estadual,85.2,83.8,10.9,12.2,3.9,4.0
2012,Sudeste,Total,Total,95.0,94.9,4.5,4.6,0.5,0.5
2012,Sudeste,Total,Publico,94.4,94.3,5.0,5.1,0.6,0.6
2012,Sudeste,Total,Privada,97.8,97.9,2.0,2.0,0.2,0.1
2012,Sudeste,Total,Municipal,93.3,93.7,6.1,5.7,0.6,0.6
2012,Sudeste,Total,Federal,95.6,97.4,4.4,2.6,0.0,0.0
2012,Sudeste,Total,Estadual,97.8,95.8,1.7,3.7,0.5,0.5
2012,Sudeste,Rural,Total,92.4,93.4,6.9,5.9,0.7,0.7
2012,Sudeste,Rural,Publico,92.3,93.3,7.0,5.9,0.7,0.8
2012,Sudeste,Rural,Privada,96.1,97.0,3.6,2.8,0.3,0.2
2012,Sudeste,Rural,Municipal,91.9,93.1,7.5,6.2,0.6,0.7
2012,Sudeste,Rural,Federal,0.0,0.0,0.0,0.0,0.0,0.0
2012,Sudeste,Rural,Estadual,96.2,95.2,3.0,3.9,0.8,0.9
2012,Sudeste,Urbana,Total,95.2,94.9,4.3,4.5,0.5,0.6
2012,Sudeste,Urbana,Publico,94.6,94.4,4.9,5.0,0.5,0.6
2012,Sudeste,Urbana,Privada,97.8,97.9,2.0,2.0,0.2,0.1
2012,Sudeste,Urbana,Municipal,93.4,93.8,6.0,5.6,0.6,0.6
2012,Sudeste,Urbana,Federal,95.6,97.4,4.4,2.6,0.0,0.0
2012,Sudeste,Urbana,Estadual,97.8,95.8,1.7,3.7,0.5,0.5
2012,Sul,Total,Total,94.3,94.1,5.4,5.4,0.3,0.5
2012,Sul,Total,Publico,93.7,93.6,5.9,5.9,0.4,0.5
2012,Sul,Total,Privada,98.5,98.4,1.5,1.5,0.0,0.1
2012,Sul,Total,Municipal,93.5,94.2,6.1,5.4,0.4,0.4
2012,Sul,Total,Federal,98.4,100.0,1.6,0.0,0.0,0.0
2012,Sul,Total,Estadual,94.3,92.0,5.2,7.3,0.5,0.7
2012,Sul,Rural,Total,93.9,93.9,5.6,5.5,0.5,0.6
2012,Sul,Rural,Publico,93.9,93.9,5.6,5.5,0.5,0.6
2012,Sul,Rural,Privada,93.0,93.3,6.4,6.7,0.6,0.0
2012,Sul,Rural,Municipal,94.0,94.3,5.7,5.3,0.3,0.4
2012,Sul,Rural,Federal,0.0,0.0,0.0,0.0,0.0,0.0
2012,Sul,Rural,Estadual,93.7,92.6,5.2,6.1,1.1,1.3
2012,Sul,Urbana,Total,94.3,94.1,5.4,5.4,0.3,0.5
2012,Sul,Urbana,Publico,93.7,93.5,6.0,6.0,0.3,0.5
2012,Sul,Urbana,Privada,98.5,98.5,1.5,1.5,0.0,0.0
2012,Sul,Urbana,Municipal,93.5,94.1,6.2,5.4,0.3,0.5
2012,Sul,Urbana,Federal,98.4,100.0,1.6,0.0,0.0,0.0
2012,Sul,Urbana,Estadual,94.3,91.9,5.2,7.4,0.5,0.7
2012,Centro-Oeste,Total,Total,93.3,94.3,5.9,4.8,0.8,0.9
2012,Centro-Oeste,Total,Publico,92.3,93.5,6.8,5.4,0.9,1.1
2012,Centro-Oeste,Total,Privada,98.7,98.5,1.1,1.4,0.2,0.1
2012,Centro-Oeste,Total,Municipal,92.4,93.5,6.7,5.4,0.9,1.1
2012,Centro-Oeste,Total,Federal,91.2,85.9,8.8,14.1,0.0,0.0
2012,Centro-Oeste,Total,Estadual,92.2,93.6,7.2,5.5,0.6,0.9
2012,Centro-Oeste,Rural,Total,91.0,91.8,7.5,6.2,1.5,2.0
2012,Centro-Oeste,Rural,Publico,90.9,91.8,7.6,6.2,1.5,2.0
2012,Centro-Oeste,Rural,Privada,98.3,97.6,1.5,2.4,0.2,0.0
2012,Centro-Oeste,Rural,Municipal,90.4,91.6,7.9,6.5,1.7,1.9
2012,Centro-Oeste,Rural,Federal,0.0,0.0,0.0,0.0,0.0,0.0
2012,Centro-Oeste,Rural,Estadual,92.5,92.2,6.5,5.7,1.0,2.1
2012,Centro-Oeste,Urbana,Total,93.6,94.5,5.8,4.7,0.6,0.8
2012,Centro-Oeste,Urbana,Publico,92.5,93.7,6.8,5.3,0.7,1.0
2012,Centro-Oeste,Urbana,Privada,98.7,98.5,1.1,1.4,0.2,0.1
2012,Centro-Oeste,Urbana,Municipal,92.6,93.7,6.5,5.2,0.9,1.1
2012,Centro-Oeste,Urbana,Federal,91.2,85.9,8.8,14.1,0.0,0.0
2012,Centro-Oeste,Urbana,Estadual,92.2,93.8,7.3,5.5,0.5,0.7
2011,Brasil,Total,Total,91.2,90.5,7.2,7.8,1.6,1.7
2011,Brasil,Total,Publico,90.2,89.5,8.1,8.6,1.7,1.9
2011,Brasil,Total,Particular,97.7,97.7,2.0,2.2,0.3,0.1
2011,Brasil,Total,Municipal,89.4,88.8,8.7,9.1,1.9,2.1
2011,Brasil,Total,Federal,94.9,94.5,4.6,5.1,0.5,0.4
2011,Brasil,Total,Estadual,93.1,91.6,5.6,6.9,1.3,1.5
2011,Brasil,Rural,Total,86.5,85.4,10.5,11.2,3.0,3.4
2011,Brasil,Rural,Publico,86.5,85.3,10.6,11.3,2.9,3.4
2011,Brasil,Rural,Particular,94.2,94.6,5.2,4.8,0.6,0.6
2011,Brasil,Rural,Municipal,86.3,85.2,10.7,11.4,3.0,3.4
2011,Brasil,Rural,Federal,95.2,90.0,4.8,10.0,0.0,0.0
2011,Brasil,Rural,Estadual,88.5,87.2,8.6,9.3,2.9,3.5
2011,Brasil,Urbana,Total,92.3,91.6,6.5,7.0,1.2,1.4
2011,Brasil,Urbana,Publico,91.2,90.6,7.4,7.9,1.4,1.5
2011,Brasil,Urbana,Particular,97.8,97.7,2.0,2.2,0.2,0.1
2011,Brasil,Urbana,Municipal,90.5,90.0,8.0,8.3,1.5,1.7
2011,Brasil,Urbana,Federal,94.9,94.5,4.6,5.1,0.5,0.4
2011,Brasil,Urbana,Estadual,93.5,91.9,5.4,6.7,1.1,1.4
2011,Norte,Total,Total,87.0,86.9,9.7,9.6,3.3,3.5
2011,Norte,Total,Publico,86.2,86.1,10.3,10.1,3.5,3.8
2011,Norte,Total,Particular,97.7,97.9,1.9,2.0,0.4,0.1
2011,Norte,Total,Municipal,85.2,85.2,10.9,10.6,3.9,4.2
2011,Norte,Total,Federal,97.4,94.1,2.6,5.9,0.0,0.0
2011,Norte,Total,Estadual,89.6,88.6,8.0,8.8,2.4,2.6
2011,Norte,Rural,Total,82.3,81.3,12.3,12.7,5.4,6.0
2011,Norte,Rural,Publico,82.3,81.3,12.3,12.7,5.4,6.0
2011,Norte,Rural,Particular,91.8,89.1,7.2,10.3,1.0,0.6
2011,Norte,Rural,Municipal,82.2,81.2,12.3,12.6,5.5,6.2
2011,Norte,Rural,Federal,0.0,0.0,0.0,0.0,0.0,0.0
2011,Norte,Rural,Estadual,83.4,81.5,11.9,12.9,4.7,5.6
2011,Norte,Urbana,Total,89.3,89.5,8.4,8.2,2.3,2.3
2011,Norte,Urbana,Publico,88.4,88.6,9.1,8.8,2.5,2.6
2011,Norte,Urbana,Particular,97.8,98.0,1.8,1.9,0.4,0.1
2011,Norte,Urbana,Municipal,87.4,88.0,9.9,9.2,2.7,2.8
2011,Norte,Urbana,Federal,97.4,94.1,2.6,5.9,0.0,0.0
2011,Norte,Urbana,Estadual,90.7,89.7,7.4,8.1,1.9,2.2
2011,Nordeste,Total,Total,87.5,85.5,9.9,11.4,2.6,3.1
2011,Nordeste,Total,Publico,85.8,83.8,11.2,12.8,3.0,3.4
2011,Nordeste,Total,Particular,97.0,97.0,2.5,2.8,0.5,0.2
2011,Nordeste,Total,Municipal,86.0,84.1,11.1,12.6,2.9,3.3
2011,Nordeste,Total,Federal,91.7,95.7,2.2,4.3,6.1,0.0
2011,Nordeste,Total,Estadual,83.5,81.6,12.4,14.0,4.1,4.4
2011,Nordeste,Rural,Total,85.8,83.7,11.3,12.8,2.9,3.5
2011,Nordeste,Rural,Publico,85.8,83.6,11.4,12.9,2.8,3.5
2011,Nordeste,Rural,Particular,94.1,94.3,5.2,5.1,0.7,0.6
2011,Nordeste,Rural,Municipal,85.9,83.8,11.3,12.8,2.8,3.4
2011,Nordeste,Rural,Federal,95.2,90.0,4.8,10.0,0.0,0.0
2011,Nordeste,Rural,Estadual,81.2,79.1,13.4,14.9,5.4,6.0
2011,Nordeste,Urbana,Total,88.3,86.4,9.2,10.8,2.5,2.8
2011,Nordeste,Urbana,Publico,85.9,83.9,11.0,12.7,3.1,3.4
2011,Nordeste,Urbana,Particular,97.1,97.0,2.5,2.8,0.4,0.2
2011,Nordeste,Urbana,Municipal,86.1,84.2,10.9,12.5,3.0,3.3
2011,Nordeste,Urbana,Federal,91.1,96.6,1.7,3.4,7.2,0.0
2011,Nordeste,Urbana,Estadual,83.8,81.8,12.3,13.9,3.9,4.3
2011,Sudeste,Total,Total,94.6,94.0,4.8,5.4,0.6,0.6
2011,Sudeste,Total,Publico,94.0,93.4,5.4,5.9,0.6,0.7
2011,Sudeste,Total,Particular,98.0,97.9,1.9,2.0,0.1,0.1
2011,Sudeste,Total,Municipal,92.9,92.8,6.5,6.5,0.6,0.7
2011,Sudeste,Total,Federal,94.2,94.3,5.5,5.3,0.3,0.4
2011,Sudeste,Total,Estadual,97.3,94.8,2.2,4.6,0.5,0.6
2011,Sudeste,Rural,Total,92.1,93.2,7.2,6.0,0.7,0.8
2011,Sudeste,Rural,Publico,92.1,93.1,7.2,6.1,0.7,0.8
2011,Sudeste,Rural,Particular,95.8,97.7,4.0,2.1,0.2,0.2
2011,Sudeste,Rural,Municipal,91.5,92.9,7.8,6.3,0.7,0.8
2011,Sudeste,Rural,Federal,0.0,0.0,0.0,0.0,0.0,0.0
2011,Sudeste,Rural,Estadual,96.6,94.8,2.7,4.4,0.7,0.8
2011,Sudeste,Urbana,Total,94.8,94.1,4.7,5.3,0.5,0.6
2011,Sudeste,Urbana,Publico,94.1,93.4,5.2,5.9,0.7,0.7
2011,Sudeste,Urbana,Particular,98.0,97.9,1.9,2.0,0.1,0.1
2011,Sudeste,Urbana,Municipal,93.0,92.8,6.4,6.5,0.6,0.7
2011,Sudeste,Urbana,Federal,94.2,94.3,5.5,5.3,0.3,0.4
2011,Sudeste,Urbana,Estadual,97.3,94.8,2.2,4.6,0.5,0.6
2011,Sul,Total,Total,93.8,93.9,5.9,5.5,0.3,0.6
2011,Sul,Total,Publico,93.2,93.5,6.4,5.9,0.4,0.6
2011,Sul,Total,Particular,98.4,98.1,1.6,1.8,0.0,0.1
2011,Sul,Total,Municipal,93.3,93.8,6.4,5.7,0.3,0.5
2011,Sul,Total,Federal,97.3,97.2,2.2,1.4,0.5,1.4
2011,Sul,Total,Estadual,92.9,92.8,6.5,6.3,0.6,0.9
2011,Sul,Rural,Total,93.3,93.7,6.3,5.7,0.4,0.6
2011,Sul,Rural,Publico,93.3,93.7,6.3,5.7,0.4,0.6
2011,Sul,Rural,Particular,91.7,92.0,7.8,6.9,0.5,1.1
2011,Sul,Rural,Municipal,93.4,93.8,6.3,5.7,0.3,0.5
2011,Sul,Rural,Federal,0.0,0.0,0.0,0.0,0.0,0.0
2011,Sul,Rural,Estadual,92.6,93.0,6.3,5.4,1.1,1.6
2011,Sul,Urbana,Total,93.8,93.9,5.8,5.5,0.4,0.6
2011,Sul,Urbana,Publico,93.2,93.5,6.4,5.9,0.4,0.6
2011,Sul,Urbana,Particular,98.4,98.2,1.5,1.8,0.1,0.0
2011,Sul,Urbana,Municipal,93.3,93.8,6.4,5.7,0.3,0.5
2011,Sul,Urbana,Federal,97.3,97.2,2.2,1.4,0.5,1.4
2011,Sul,Urbana,Estadual,93.0,92.8,6.5,6.4,0.5,0.8
2011,Centro-Oeste,Total,Total,92.8,93.7,6.4,5.2,0.8,1.1
2011,Centro-Oeste,Total,Publico,91.7,92.9,7.3,5.9,1.0,1.2
2011,Centro-Oeste,Total,Particular,98.6,98.5,1.3,1.4,0.1,0.1
2011,Centro-Oeste,Total,Municipal,91.6,92.9,7.2,5.7,1.2,1.4
2011,Centro-Oeste,Total,Federal,95.4,94.9,4.6,5.1,0.0,0.0
2011,Centro-Oeste,Total,Estadual,91.8,93.0,7.5,6.1,0.7,0.9
2011,Centro-Oeste,Rural,Total,89.9,90.6,8.4,7.1,1.7,2.3
2011,Centro-Oeste,Rural,Publico,89.9,90.6,8.4,7.1,1.7,2.3
2011,Centro-Oeste,Rural,Particular,92.3,92.9,7.1,6.0,0.6,1.1
2011,Centro-Oeste,Rural,Municipal,89.1,90.4,8.9,7.3,2.0,2.3
2011,Centro-Oeste,Rural,Federal,0.0,0.0,0.0,0.0,0.0,0.0
2011,Centro-Oeste,Rural,Estadual,92.3,91.2,6.9,6.6,0.8,2.2
2011,Centro-Oeste,Urbana,Total,93.0,94.1,6.2,5.0,0.8,0.9
2011,Centro-Oeste,Urbana,Publico,91.9,93.2,7.2,5.7,0.9,1.1
2011,Centro-Oeste,Urbana,Particular,98.6,98.5,1.2,1.4,0.2,0.1
2011,Centro-Oeste,Urbana,Municipal,92.0,93.3,7.0,5.5,1.0,1.2
2011,Centro-Oeste,Urbana,Federal,95.4,94.9,4.6,5.1,0.0,0.0
2011,Centro-Oeste,Urbana,Estadual,91.8,93.1,7.6,6.1,0.6,0.8
